<?xml version="1.0" encoding="UTF-8"?>
<api context="/resources" name="bigquery-testAPI" xmlns="http://ws.apache.org/ns/synapse">
	<resource methods="POST" uri-template="/gettabledetails">
		<inSequence>
			<bigquery.init>
				<apiUrl>https://www.googleapis.com</apiUrl>
				<accessToken><!-- access token --></accessToken>
				<clientId><!-- client id --></clientId>
				<clientSecret><!-- client secret --></clientSecret>
				<refreshToken><!-- refresh token --></refreshToken>
				<apiKey><!-- api key --></apiKey>
			</bigquery.init>
			<bigquery.getTable>
				<datasetId>{json-eval($.datasetId)}</datasetId>
				<projectId>{json-eval($.projectId)}</projectId>
				<tableId>{json-eval($.tableId)}</tableId>
			</bigquery.getTable>
			<respond/>
		</inSequence>
		<faultSequence>
		</faultSequence>
	</resource>
	<resource methods="POST" url-mapping="/insertdetails">
		<inSequence>
			<bigquery.init>
				<apiUrl>https://www.googleapis.com</apiUrl>
				<accessToken><!-- access token --></accessToken>
				<clientId><!-- client id --></clientId>
				<clientSecret><!-- client secret --></clientSecret>
				<refreshToken><!-- refresh token --></refreshToken>
				<apiKey><!-- api key --></apiKey>
			</bigquery.init>
			<bigquery.insertAllTableData>
				<datasetId>{json-eval($.datasetId)}</datasetId>
				<projectId>{json-eval($.projectId)}</projectId>
				<tableId>{json-eval($.tableId)}</tableId>
				<skipInvalidRows>true</skipInvalidRows>
				<ignoreUnknownValues>true</ignoreUnknownValues>
				<jsonPay>{json-eval($.jsonPay)}</jsonPay>
			</bigquery.insertAllTableData>
			<respond/>
		</inSequence>
		<outSequence/>
		<faultSequence/>
	</resource>
	<resource methods="POST" url-mapping="/getdetails">
		<inSequence>
			<bigquery.init>
				<apiUrl>https://www.googleapis.com</apiUrl>
				<accessToken><!-- access token --></accessToken>
				<clientId><!-- client id --></clientId>
				<clientSecret><!-- client secret --></clientSecret>
				<refreshToken><!-- refresh token --></refreshToken>
				<apiKey><!-- api key --></apiKey>
			</bigquery.init>
			<bigquery.listTabledata>
				<datasetId>{json-eval($.datasetId)}</datasetId>
				<projectId>{json-eval($.projectId)}</projectId>
				<tableId>{json-eval($.tableId)}</tableId>
			</bigquery.listTabledata>
			<respond/>
		</inSequence>
		<outSequence/>
		<faultSequence/>
	</resource>
	<resource methods="POST" url-mapping="/runQuery">
		<inSequence>
			<bigquery.init>
				<apiUrl>https://www.googleapis.com</apiUrl>
				<accessToken><!-- access token --></accessToken>
				<clientId><!-- client id --></clientId>
				<clientSecret><!-- client secret --></clientSecret>
				<refreshToken><!-- refresh token --></refreshToken>
				<apiKey><!-- api key --></apiKey>
			</bigquery.init>
			<bigquery.runQuery>
				<projectId>{json-eval($.projectId)}</projectId>
				<defaultProjectId>{json-eval($.projectId)}</defaultProjectId>
				<defaultDatasetId>{json-eval($.datasetId)}</defaultDatasetId>
				<kind>bigquery#tableDataInsertAllResponse</kind>
				<query>SELECT Name FROM Tes</query>
				<maxResults>10000</maxResults>
				<timeoutMs>10000</timeoutMs>
				<dryRun>false</dryRun>
				<useQueryCache>true</useQueryCache>
			</bigquery.runQuery>
			<respond/>
		</inSequence>
		<outSequence/>
		<faultSequence/>
	</resource>
</api>