<?xml version="1.0" encoding="UTF-8"?>
<api context="/resources" name="bigquery-testAPI" xmlns="http://ws.apache.org/ns/synapse">
	<resource methods="POST" uri-template="/gettabledetails">
		<inSequence>
			<bigquery.init>
				<apiUrl>https://www.googleapis.com</apiUrl>
				<accessToken>ya29.a0AXooCgtJSvSmZGcHOijW-MQcd_cUe34cCP-22gDmHkpd9qEHArzNotn0E8FtjcGyatPouoVYaCgYKAfoSARASFQHGX2Mi1rlaC9h8o4mQAIAP62HiUA0171</accessToken>
				<clientId>250758858850-79ujcvb0j9us.apps.googleusercontent.com</clientId>
				<clientSecret>GOCSPX-SH0K9QkQZ6yF5</clientSecret>
				<refreshToken>1//04SrDK8tEutoGAQSNwF-L9IrG2VQrO3D_T26s95qjEj9KKugyCGt8QGEChYU</refreshToken>
				<apiKey>AIzaSy29oP1EI</apiKey>
			</bigquery.init>
			<bigquery.getTable>
				<datasetId>{json-eval($.datasetId)}</datasetId>
				<projectId>{json-eval($.projectId)}</projectId>
				<tableId>{json-eval($.tableId)}</tableId>
			</bigquery.getTable>
			<respond/>
		</inSequence>
		<faultSequence>
		</faultSequence>
	</resource>
	<resource methods="POST" url-mapping="/insertdetails">
		<inSequence>
			<bigquery.init>
				<apiUrl>https://www.googleapis.com</apiUrl>
				<accessToken>ya29.a0AXooCgtJSvSmZGcHOijW-MQXGFp3-22gDmHkpd9qEHArzNotn0E8FtjcGyatPouoVYaCgYKAfoSARASFQHGX2Mi1rlaC9h8o4mQAIAP62HiUA0171</accessToken>
				<clientId>250758858850-79ujcvb0j9us.apps.googleusercontent.com</clientId>
				<clientSecret>GOCSPX-SH0K9QkQZ6yF5</clientSecret>
				<refreshToken>1//04SrDK8tEutoGAQSNwF-L9IrG2VQrO3D_T26s95qjEj9KKugyCGt8QGEChYU</refreshToken>
				<apiKey>AIzaSy29oP1EI</apiKey>
			</bigquery.init>
			<bigquery.insertAllTableData>
				<datasetId>{json-eval($.datasetId)}</datasetId>
				<projectId>{json-eval($.projectId)}</projectId>
				<tableId>{json-eval($.tableId)}</tableId>
				<skipInvalidRows>true</skipInvalidRows>
				<ignoreUnknownValues>true</ignoreUnknownValues>
				<jsonPay>{json-eval($.jsonPay)}</jsonPay>
			</bigquery.insertAllTableData>
			<respond/>
		</inSequence>
		<outSequence/>
		<faultSequence/>
	</resource>
	<resource methods="POST" url-mapping="/getdetails">
		<inSequence>
			<bigquery.init>
				<apiUrl>https://www.googleapis.com</apiUrl>
				<accessToken>ya29.a0AXooCgtJSvSmZGcHOijW-MQXGFp3zacXgDmHkpd9qEHArzNotn0E8FtjcGyatPouoVYaCgYKAfoSARASFQHGX2Mi1rlaC9h8o4mQAIAP62HiUA0171</accessToken>
				<clientId>250758858850-79ujcvb0j9us.apps.googleusercontent.com</clientId>
				<clientSecret>GOCSPX-SH0K9QkQZ6yF5</clientSecret>
				<refreshToken>1//04SrDK8tEutoGAQSNwF-L9IrG2VQrO3D_T26s95qjEj9KKugyCGt8QGEChYU</refreshToken>
				<apiKey>AIzaSy29oP1EI</apiKey>
			</bigquery.init>
			<bigquery.listTabledata>
				<datasetId>{json-eval($.datasetId)}</datasetId>
				<projectId>{json-eval($.projectId)}</projectId>
				<tableId>{json-eval($.tableId)}</tableId>
			</bigquery.listTabledata>
			<respond/>
		</inSequence>
		<outSequence/>
		<faultSequence/>
	</resource>
	<resource methods="POST" url-mapping="/runQuery">
		<inSequence>
			<bigquery.init>
				<apiUrl>https://www.googleapis.com</apiUrl>
				<accessToken>ya29.a0AXooCgtJSvSmZGcHOijW-MQXGFp3zacX9zznAVRmHkpd9qEHArzNotn0E8FtjcGyatPouoVYaCgYKAfoSARASFQHGX2Mi1rlaC9h8o4mQAIAP62HiUA0171</accessToken>
				<clientId>250758858850-79ujcvb0j9us.apps.googleusercontent.com</clientId>
				<clientSecret>GOCSPX-SH0K9QkQZ6yF5</clientSecret>
				<refreshToken>1//04SrDK8tEutoGAQSNwF-L9IrG2VQrO3D_T26s95qjEj9KKugyCGt8QGEChYU</refreshToken>
				<apiKey>AIzaSy29oP1EI</apiKey>
			</bigquery.init>
			<bigquery.runQuery>
				<projectId>{json-eval($.projectId)}</projectId>
				<defaultProjectId>{json-eval($.projectId)}</defaultProjectId>
				<defaultDatasetId>{json-eval($.datasetId)}</defaultDatasetId>
				<kind>bigquery#tableDataInsertAllResponse</kind>
				<query>SELECT Name FROM Tes</query>
				<maxResults>10000</maxResults>
				<timeoutMs>10000</timeoutMs>
				<dryRun>false</dryRun>
				<useQueryCache>true</useQueryCache>
			</bigquery.runQuery>
			<respond/>
		</inSequence>
		<outSequence/>
		<faultSequence/>
	</resource>
</api>