<?xml version="1.0" encoding="UTF-8"?>
<api context="/healthcare" name="HealthcareAPI" xmlns="http://ws.apache.org/ns/synapse">
	<resource methods="GET" uri-template="/querydoctor/{category}">
		<inSequence>
			<log category="INFO" level="custom" description="Request Log">
				<property name="Log Property message" value="&quot;Welcome to HealthcareService&quot;"/>
			</log>
			<call>
				<endpoint key="QueryDoctorEP"/>
			</call>
			<respond/>
		</inSequence>
		<faultSequence>
		</faultSequence>
	</resource>
</api>