<?xml version="1.0" encoding="UTF-8"?>
<api name="patientmap" context="/patientmap" xmlns="http://ws.apache.org/ns/synapse">
    <resource methods="POST" uri-template="/">
        <inSequence>
            <test.mapPatient>
                <responseVariable>test_mapPatient_1</responseVariable>
                <overwriteBody>false</overwriteBody>
                <payload>{${payload}}</payload>
            </test.mapPatient>
            <payloadFactory media-type="json" template-type="default">
                <format>${vars.test_mapPatient_1.payload}</format>
            </payloadFactory>
            <respond/>
        </inSequence>
        <faultSequence>
        </faultSequence>
    </resource>
</api>