<?xml version="1.0" encoding="UTF-8"?>
<api context="/pricecal" name="pricecal" xmlns="http://ws.apache.org/ns/synapse">
    <resource methods="POST" uri-template="/">
        <inSequence>
            <test.calculateTotal>
                <responseVariable>bal_price_calculation_calculateTotal_1</responseVariable>
                <overwriteBody>false</overwriteBody>
                <invoice>{$body/*}</invoice>
            </test.calculateTotal>
            <payloadFactory media-type="xml" template-type="default">
                <format>
                    ${vars.bal_price_calculation_calculateTotal_1.payload}
                </format>
            </payloadFactory>
            <respond />
        </inSequence>
        <faultSequence>
        </faultSequence>
    </resource>
</api>