<?xml version="1.0" encoding="UTF-8"?>
<api context="/typeprocess" name="typeprocess" xmlns="http://ws.apache.org/ns/synapse">
    <resource methods="POST" uri-template="/">
        <inSequence>
            <switch source="${payload.type}">
                <case regex="string">
                    <test.doubleString>
                        <responseVariable>bal_response</responseVariable>
                        <overwriteBody>false</overwriteBody>
                        <s>{${payload.val}}</s>
                    </test.doubleString>
                </case>
                <case regex="integer">
                    <test.doubleInt>
                        <responseVariable>bal_response</responseVariable>
                        <overwriteBody>false</overwriteBody>
                        <n>{${payload.val}}</n>
                    </test.doubleInt>
                </case>
                <case regex="boolean">
                    <test.invertBoolean>
                        <responseVariable>bal_response</responseVariable>
                        <overwriteBody>false</overwriteBody>
                        <b>{${payload.val}}</b>
                    </test.invertBoolean>
                </case>
                <case regex="float">
                    <test.reciprocalFloat>
                        <responseVariable>bal_response</responseVariable>
                        <overwriteBody>false</overwriteBody>
                        <f>{${payload.val}}</f>
                    </test.reciprocalFloat>
                </case>
                <case regex="decimal">
                    <test.addConstantToDecimal>
                        <responseVariable>bal_response</responseVariable>
                        <overwriteBody>false</overwriteBody>
                        <d>{${payload.val}}</d>
                    </test.addConstantToDecimal>
                </case>
                <case regex="json">
                    <test.getJsonNameProperty>
                        <responseVariable>bal_response</responseVariable>
                        <overwriteBody>false</overwriteBody>
                        <j>{${payload.val}}</j>
                    </test.getJsonNameProperty>
                </case>
                <default>
                    <variable name="bal_response" type="JSON"
                        value="{
  &quot;payload&quot;: &quot;Unknown message type&quot;
}" />
                </default>
            </switch>
            <payloadFactory media-type="json" template-type="default">
                <format>{ "Result" : ${vars.bal_response.payload} }</format>
            </payloadFactory>
            <respond />
        </inSequence>
        <faultSequence />
    </resource>
</api>