<?xml version="1.0" encoding="UTF-8"?>
<localEntry key="GoogleSheet" xmlns="http://ws.apache.org/ns/synapse">
  <googlespreadsheet.init>
    <connectionType>GOOGLESPREADSHEET</connectionType>
    <clientId>28339149310-2h1dc24k9d5sn22k309dc578agjjik1f.apps.googleusercontent.com</clientId>
    <clientSecret>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</clientSecret>
    <refreshToken>1//04SKrREz7SAY7CgYIARAAGAQSNwF-L9IrOTNFYpkAtTUqYjJCvTg_IutrIlDPZn9DAV6Se9CZexoR-n59saLPxYbzt0hRAmub91w</refreshToken>
    <apiUrl>https://sheets.googleapis.com/v4/spreadsheets</apiUrl>
    <tokenEndpoint>https://oauth2.googleapis.com/token</tokenEndpoint>
    <name>GoogleSheet</name>
  </googlespreadsheet.init>
</localEntry>