{
  "id": "http:\/\/wso2jsonschema.org",
  "title": "SendMessageResponse",
  "$schema": "http:\/\/wso2.org\/json-schema\/wso2-data-mapper-v5.0.0\/schema#",
  "properties": {
    "SendMessageResult": {
      "id": "http:\/\/wso2jsonschema.org\/SendMessageResult",
      "type": "object",
      "properties": {
        "MessageId": {
          "id": "http:\/\/wso2jsonschema.org\/SendMessageResult\/MessageId",
          "type": "string"
        },
        "MD5OfMessageAttributes": {
          "id": "http:\/\/wso2jsonschema.org\/SendMessageResult\/MD5OfMessageAttributes",
          "type": "string"
        },
        "MD5OfMessageBody": {
          "id": "http:\/\/wso2jsonschema.org\/SendMessageResult\/MD5OfMessageBody",
          "type": "string"
        }
      }
    },
    "ResponseMetadata": {
      "id": "http:\/\/wso2jsonschema.org\/ResponseMetadata",
      "type": "object",
      "properties": {
        "RequestId": {
          "id": "http:\/\/wso2jsonschema.org\/ResponseMetadata\/RequestId",
          "type": "string"
        }
      }
    }
  },
  "type": "object",
  "namespaces": [
    {
      "prefix": "axis2ns17",
      "url": "http:\/\/queue.amazonaws.com\/doc\/2012-11-05\/"
    }
  ]
}