<?xml version="1.0" encoding="UTF-8"?>
    <localEntry key="KafkaConnection" xmlns="http://ws.apache.org/ns/synapse">
        <kafkaTransport.init>
  <connectionType>kafka</connectionType>
  <name>KafkaConnection</name>
  <bootstrapServers>localhost:9092</bootstrapServers>
  <keySerializerClass>org.apache.kafka.common.serialization.StringSerializer</keySerializerClass>
  <valueSerializerClass>org.apache.kafka.common.serialization.StringSerializer</valueSerializerClass>
  <poolingEnabled>false</poolingEnabled>
</kafkaTransport.init>
    </localEntry>