<?xml version="1.0" encoding="UTF-8"?>
<sequence name="PipesAndFilters" trace="disable"
    xmlns="http://ws.apache.org/ns/synapse">
    <log level="full"/>
    <!-- Checks For the User Name -->
    <filter regex="UserName" source="//m0:credentials/m0:name"
        xmlns:m0="http://services.samples">
        <then>
            <filter regex="001" source="//m1:credentials/m1:id"
                xmlns:m1="http://services.samples">
                <then>
                    <send>
                        <endpoint>
                            <address uri="http://localhost:9000/services/SimpleStockQuoteService"/>
                        </endpoint>
                    </send>
                </then>
                <else>
                    <drop/>
                </else>
            </filter>
        </then>
        <else>
            <drop/>
        </else>
    </filter>
</sequence>
