<?xml version="1.0" encoding="UTF-8"?>
    <api context="/createtweet" name="createTweet" xmlns="http://ws.apache.org/ns/synapse">
	<resource methods="POST" uri-template="/">
		 <inSequence>
			<property expression="json-eval($.clientId)" name="clientId" />
			<property expression="json-eval($.accessToken)" name="accessToken" />
			<property expression="json-eval($.id)" name="id" />
			<property expression="json-eval($.text)" name="text" />
			<property expression="json-eval($.for_super_followers_only)"
				name="for_super_followers_only" />
			<property expression="json-eval($.poll)" name="place_fields" />
			<twitter.init>
				<accessToken>{$ctx:accessToken}</accessToken>
				<clientId>{$ctx:clientId}</clientId>
			</twitter.init>
			<twitter.createTweet>
				<for_super_followers_only>{$ctx:for_super_followers_only}</for_super_followers_only>
				<poll>{$ctx:poll}</poll>
				<text>{$ctx:text}</text>
			</twitter.createTweet>
			<respond />
		</inSequence>
		<faultSequence>
		</faultSequence>
	</resource></api>
