<?xml version="1.0" encoding="UTF-8"?>
    <localEntry key="SalesforceRestConnection" xmlns="http://ws.apache.org/ns/synapse">
        <salesforcerest.init>
  <connectionType>init</connectionType>
  <name>SalesforceRestConnection</name>
  <accessToken><!--your access token --></accessToken>
  <apiVersion>v44.0</apiVersion>
  <hostName>https://login.salesforce.com</hostName>
  <refreshToken><!--your refresh token --></refreshToken>
  <clientSecret><!--your client secret --></clientSecret>
  <clientId><!--your client ID --></clientId>
  <apiUrl>https://abcd-1f7-dev-ed.develop.my.salesforce.com</apiUrl>
  <timeout>3000</timeout>
</salesforcerest.init>
    </localEntry>