<?xml version="1.0" encoding="UTF-8"?>
<api context="/spreadsheet" name="SpreadsheetAPI" xmlns="http://ws.apache.org/ns/synapse">
	<resource methods="POST" uri-template="/insert">
		<inSequence>
			<propertyGroup description="It contains the set of properties related to spreadsheet creation and addData operations. ">
                <property expression="json-eval($.properties)" name="properties" scope="default" type="STRING"/>
                <property expression="json-eval($.sheets)" name="sheets" scope="default" type="STRING"/>
                <property expression="json-eval($.range)" name="range" scope="default" type="STRING"/>
                <property expression="json-eval($.values)" name="values" scope="default" type="STRING"/>
			</propertyGroup>
			<sequence key="createSpreadsheet" />
			<sequence key="addData" />
			<respond />
		</inSequence>
		<faultSequence>
		</faultSequence>
	</resource>
	<resource methods="POST" uri-template="/read">
		<inSequence>
			<sequence key="readData" />
			<respond />
		</inSequence>
		<faultSequence>
		</faultSequence>
	</resource>
	<resource methods="POST" uri-template="/edit">
		<inSequence>
			<sequence key="editSpreadsheet" />
			<respond />
		</inSequence>
		<faultSequence>
		</faultSequence>
	</resource>
</api>
