<?xml version="1.0" encoding="UTF-8"?>
    <localEntry key="SalesforceRestConnection" xmlns="http://ws.apache.org/ns/synapse">
        <salesforcerest.init>
  <connectionType>init</connectionType>
  <name>SalesforceRestConnection</name>
  <accessToken>00DdM000007Jo1z!AQEAQFDipH.qnbw5CE2Q_QM6L8RoSkLPKn9iJ35SYElNuPvj8p76KkZpnpEtzWq0gczkrBHIQMDh4lryBRKSXEy9fRtt0Cql</accessToken>
  <apiVersion>v44.0</apiVersion>
  <hostName>https://login.salesforce.com</hostName>
  <refreshToken>5Aep861iCXbTx3lghRrIGvceR8.8KCh2OW.kaj.gQD5dr5wvwvqPYhQyY55PXXb6lMVBUsHrzIIKPFGmJbLzga4</refreshToken>
  <clientSecret>DE04B02EE78702EDE8CDF6FA39B1212C8ECA51496E9C306F779540A08FB0A884</clientSecret>
  <clientId>3MVG9WVXk15qiz1JTIsnM4dl5KXxlEw0hfixb2MwQX88UOasM_w2pfcV_h63.nv7UEJpLAmtS.i.6w_1TYsAr</clientId>
  <apiUrl>https://abcd-1f7-dev-ed.develop.my.salesforce.com</apiUrl>
  <timeout>3000</timeout>
</salesforcerest.init>
    </localEntry>