<?xml version="1.0" encoding="UTF-8"?>
<api context="/s3connector" name="S3ConnectorTestAPI" xmlns="http://ws.apache.org/ns/synapse">
    <resource methods="PUT" uri-template="/createbucket">
        <inSequence>
            <amazons3.createBucket configKey="AMAZON_S3_CONNECTION_1">
                <bucketName>{json-eval($.bucketName)}</bucketName>
                <bucketRegion>us-east-2</bucketRegion>
            </amazons3.createBucket>
            <respond/>
        </inSequence>
        <outSequence/>
        <faultSequence/>
    </resource>
    <resource methods="POST" uri-template="/addobject">
        <inSequence>
            <amazons3.putObject configKey="AMAZON_S3_CONNECTION_1">
                <bucketName>{json-eval($.bucketName)}</bucketName>
                <objectKey>{json-eval($.objectKey)}</objectKey>
                <fileContent>{json-eval($.message)}</fileContent>
            </amazons3.putObject>
            <respond/>
        </inSequence>
        <outSequence/>
        <faultSequence/>
    </resource>
    <resource methods="POST" uri-template="/info">
        <inSequence>
            <amazons3.getObject configKey="AMAZON_S3_CONNECTION_1">
                <bucketName>{json-eval($.bucketName)}</bucketName>
                <objectKey>{json-eval($.objectKey)}</objectKey>
            </amazons3.getObject>
            <respond/>
        </inSequence>
        <outSequence/>
        <faultSequence/>
    </resource>
</api>
