<?xml version="1.0" encoding="UTF-8"?>
<api context="/create" name="create" xmlns="http://ws.apache.org/ns/synapse">
    <resource methods="POST" uri-template="/">
        <inSequence>
            <googlespreadsheet.createNewSheet configKey="GoogleSheet">
                <configLevel>BASIC</configLevel>
                <title>{${payload.title}}</title>
                <initialSheetName>Sheet1</initialSheetName>
                <responseVariable>googlespreadsheet_createNewSheet_1</responseVariable>
                <overwriteBody>false</overwriteBody>
            </googlespreadsheet.createNewSheet>
            <payloadFactory media-type="json" template-type="default">
                <format>{"id":"${vars.googlespreadsheet_createNewSheet_1.payload.spreadsheetId}","link":"${vars.googlespreadsheet_createNewSheet_1.payload.spreadsheetUrl}"}</format>
            </payloadFactory>
            <respond/>
        </inSequence>
        <faultSequence>
        </faultSequence>
    </resource>
</api>