<?xml version="1.0" encoding="UTF-8"?>
<api context="/write" name="write" xmlns="http://ws.apache.org/ns/synapse">
    <resource methods="POST" uri-template="/">
        <inSequence>
            <googlespreadsheet.editCellData configKey="GoogleSheet">
                <configLevel>BASIC</configLevel>
                <spreadsheetId>{${payload.sheetId}}</spreadsheetId>
                <sheetName>Sheet1</sheetName>
                <cellId>A1</cellId>
                <value>{${payload.data}}</value>
                <responseVariable>googlespreadsheet_editCellData_7</responseVariable>
                <overwriteBody>false</overwriteBody>
            </googlespreadsheet.editCellData>
            <payloadFactory media-type="json" template-type="default">
                <format>{"results":${vars.googlespreadsheet_editCellData_7.payload}}</format>
            </payloadFactory>
            <respond/>
        </inSequence>
        <faultSequence>
        </faultSequence>
    </resource>
</api>