<?xml version="1.0" encoding="UTF-8"?>
<api context="/fileConnector" name="FileConnector" xmlns="http://ws.apache.org/ns/synapse">
    <resource methods="POST" uri-template="/create">
        <inSequence>
            <file.write configKey="local_file_connection">
                <filePath>{${payload.filePath}}</filePath>
                <contentOrExpression>${payload.inputContent}</contentOrExpression>
                <encoding>UTF-8</encoding>
                <mimeType>Automatic</mimeType>
                <compress>false</compress>
                <writeMode>Overwrite</writeMode>
                <enableStreaming>false</enableStreaming>
                <appendNewLine>false</appendNewLine>
                <enableLock>false</enableLock>
                <updateLastModified>true</updateLastModified>
                <maxRetries>0</maxRetries>
                <retryDelay>0</retryDelay>
                <diskShareAccessMask>MAXIMUM_ALLOWED</diskShareAccessMask>
                <responseVariable>file_write_1</responseVariable>
                <overwriteBody>true</overwriteBody>
            </file.write>

            <respond/>
        </inSequence>
        <faultSequence>
        </faultSequence>
    </resource>
    <resource methods="POST" uri-template="/read">
        <inSequence>
            <file.checkExist configKey="local_file_connection">
                <path>{${payload.filePath}}</path>
                <diskShareAccessMask>MAXIMUM_ALLOWED</diskShareAccessMask>
                <responseVariable>file_checkExist_1</responseVariable>
                <overwriteBody>false</overwriteBody>
            </file.checkExist>
            <filter xpath="${vars.file_checkExist_1.payload.fileExists}">
                <then>
                    <file.read configKey="local_file_connection">
                        <path>{${payload.filePath}}</path>
                        <filePattern></filePattern>
                        <readMode>Complete File</readMode>
                        <contentType></contentType>
                        <encoding>UTF-8</encoding>
                        <enableStreaming>false</enableStreaming>
                        <enableLock>false</enableLock>
                        <maxRetries>0</maxRetries>
                        <retryDelay>0</retryDelay>
                        <diskShareAccessMask>MAXIMUM_ALLOWED</diskShareAccessMask>
                        <responseVariable>file_read_1</responseVariable>
                        <overwriteBody>true</overwriteBody>
                    </file.read>
                </then>
                <else>
                    <payloadFactory media-type="json" template-type="default">
                        <format>{"message" : "File ${payload.filePath} does not exist."}</format>
                    </payloadFactory>
                    <property name="HTTP_SC" scope="axis2" type="STRING" value="404"/>
                </else>
            </filter>
            <respond/>
        </inSequence>
        <faultSequence>
        </faultSequence>
    </resource>
</api>