<?xml version="1.0" encoding="UTF-8"?>
<api context="/mongodbconnector" name="MongoConnector" xmlns="http://ws.apache.org/ns/synapse">
    <resource methods="POST" uri-template="/insertmany">
        <inSequence>
            <mongodb.insertMany configKey="connectionURI">
                <collection>{${payload.collection}}</collection>
                <documents>{${payload.documents}}</documents>
                <ordered>True</ordered>
                <responseVariable>mongodb_insertMany_1</responseVariable>
                <overwriteBody>true</overwriteBody>
            </mongodb.insertMany>
            <respond/>
        </inSequence>
        <faultSequence>
        </faultSequence>
    </resource>
    <resource methods="POST" uri-template="/find">
        <inSequence>
            <mongodb.find configKey="connectionURI">
                <collection>{${payload.collection}}</collection>
                <query>{${payload.query}}</query>
                <projection></projection>
                <collation></collation>
                <limit></limit>
                <sort></sort>
                <responseVariable>mongodb_find_1</responseVariable>
                <overwriteBody>true</overwriteBody>
            </mongodb.find>
            <respond/>
        </inSequence>
        <faultSequence>
        </faultSequence>
    </resource>
</api>