<?xml version="1.0" encoding="UTF-8"?>
<api context="/smpptest" name="SmppTestApi" xmlns="http://ws.apache.org/ns/synapse">
	<resource methods="POST" uri-template="/send">
		<inSequence>
			<property name="sourceAddress" scope="default" type="STRING" expression="json-eval($.sourceAddress)"/>
			<property name="message" scope="default" type="STRING" expression="json-eval($.message)"/>
			<property name="destinationAddress" scope="default" type="STRING" expression="json-eval($.destinationAddress)"/>
			<SMPP.sendSMS configKey="SMSC_CONFIG_1">
				<sourceAddress>{$ctx:sourceAddress}</sourceAddress>
				<destinationAddress>{$ctx:destinationAddress}</destinationAddress>
				<message>{$ctx:message}</message>
			</SMPP.sendSMS>
			<respond/>
		</inSequence>
		<faultSequence>
		</faultSequence>
	</resource>
</api>