<?xml version="1.0" encoding="UTF-8"?>
<messageProcessor class="org.apache.synapse.message.processor.impl.forwarder.ScheduledMessageForwardingProcessor" name="ScheduledProcessor" messageStore="dlc-store" targetEndpoint="SimpleStockEp" xmlns="http://ws.apache.org/ns/synapse">
	<parameter name="client.retry.interval">1000</parameter>
	<parameter name="member.count">1</parameter>
	<parameter name="message.processor.reply.sequence">ReplySeq</parameter>
	<parameter name="message.processor.deactivate.sequence">DeactivateSeq</parameter>
	<parameter name="is.active">true</parameter>
	<parameter name="max.delivery.attempts">1000</parameter>
	<parameter name="store.connection.retry.interval">1000</parameter>
	<parameter name="max.store.connection.attempts">-1</parameter>
	<parameter name="max.delivery.drop">Disabled</parameter>
	<parameter name="interval">1000</parameter>
</messageProcessor>