<?xml version="1.0" encoding="UTF-8"?>
<sequence name="add_student_sequence" trace="disable" xmlns="http://ws.apache.org/ns/synapse">
    <property expression="json-eval($.content.objectClass)" name="objectClass" scope="default" type="STRING"/>
    <property expression="json-eval($.content.attributes)" name="attributes" scope="default" type="STRING"/>
    <property expression="json-eval($.content.dn)" name="dn" scope="default" type="STRING"/>
    <ldap.addEntry>
        <objectClass>{$ctx:objectClass}</objectClass>
        <attributes>{$ctx:attributes}</attributes>
        <dn>{$ctx:dn}</dn>
    </ldap.addEntry>
    <respond/>
</sequence>
