<?xml version="1.0" encoding="UTF-8"?>
<sequence name="init_sequence" trace="disable" xmlns="http://ws.apache.org/ns/synapse">
    <property expression="json-eval($.secureConnection)" name="secureConnection" scope="default" type="STRING"/>
    <property expression="json-eval($.disableSSLCertificateChecking)" name="disableSSLCertificateChecking" scope="default" type="STRING"/>
    <property expression="json-eval($.providerUrl)" name="providerUrl" scope="default" type="STRING"/>
    <property expression="json-eval($.securityPrincipal)" name="securityPrincipal" scope="default" type="STRING"/>
    <property expression="json-eval($.securityCredentials)" name="securityCredentials" scope="default" type="STRING"/>
    <ldap.init>
        <providerUrl>{$ctx:providerUrl}</providerUrl>
        <securityPrincipal>{$ctx:securityPrincipal}</securityPrincipal>
        <securityCredentials>{$ctx:securityCredentials}</securityCredentials>
        <secureConnection>{$ctx:secureConnection}</secureConnection>
        <disableSSLCertificateChecking>{$ctx:disableSSLCertificateChecking}</disableSSLCertificateChecking>
    </ldap.init>
</sequence>
