<?xml version="1.0" encoding="UTF-8"?>
<api xmlns="http://ws.apache.org/ns/synapse" context="/resources" name="amazonDynamoDBAPI">
   <resource methods="POST" url-mapping="/addtable">
      <inSequence>
			<property expression="json-eval($.attributeDefinitions)" name="attributeDefinitions"
				scope="default" type="STRING" />
			<property expression="json-eval($.tableName)" name="tableName" scope="default"
				type="STRING" />
			<property expression="json-eval($.keySchema)" name="keySchema" scope="default"
				type="STRING" />
			<property expression="json-eval($.localSecondaryIndexes)" name="localSecondaryIndexes"
				scope="default" type="STRING" />
			<property expression="json-eval($.provisionedThroughput)" name="provisionedThroughput"
				scope="default" type="STRING" />
			<amazondynamodb.init>
				<region>us-east-2</region>
				<accessKeyId><!--Add accesskey--></accessKeyId>
				<secretAccessKey><!--Add secret key--></secretAccessKey>
				<blocking>false</blocking>
			</amazondynamodb.init>
         <amazondynamodb.createTable>
            <attributeDefinitions>{$ctx:attributeDefinitions}</attributeDefinitions>
            <tableName>{$ctx:tableName}</tableName>
            <keySchema>{$ctx:keySchema}</keySchema>
            <localSecondaryIndexes>{$ctx:localSecondaryIndexes}</localSecondaryIndexes>
            <provisionedThroughput>{$ctx:provisionedThroughput}</provisionedThroughput>
			</amazondynamodb.createTable>
			<respond />
		</inSequence>
      <faultSequence />
	</resource>
   <resource methods="POST" url-mapping="/insertdetails">
      <inSequence>
         <property expression="json-eval($.item)" name="item" scope="default" type="STRING" />
         <property expression="json-eval($.tableName)" name="tableName" scope="default" type="STRING" />
         <amazondynamodb.init>
				<region>us-east-2</region>
				<accessKeyId><!--Add accesskey--></accessKeyId>
				<secretAccessKey><!--Add secret key--></secretAccessKey>
				<blocking>false</blocking>
			</amazondynamodb.init>
         <amazondynamodb.putItem>
            <item>{$ctx:item}</item>
            <tableName>{$ctx:tableName}</tableName>
			</amazondynamodb.putItem>
         <respond />
		</inSequence>
      <faultSequence />
	</resource>
   <resource methods="POST" url-mapping="/deletedetails">
      <inSequence>
         <property expression="json-eval($.key)" name="key" scope="default" type="STRING" />
         <property expression="json-eval($.tableName)" name="tableName" scope="default" type="STRING" />
         <amazondynamodb.init>
				<region>us-east-2</region>
				<accessKeyId><!--Add accesskey--></accessKeyId>
				<secretAccessKey><!--Add secret key--></secretAccessKey>
				<blocking>false</blocking>
			</amazondynamodb.init>
         <amazondynamodb.deleteItem>
            <key>{$ctx:key}</key>
            <tableName>{$ctx:tableName}</tableName>
            <returnConsumedCapacity>TOTAL</returnConsumedCapacity>
            <returnValues>ALL_OLD</returnValues>
			</amazondynamodb.deleteItem>
         <respond />
		</inSequence>
      <faultSequence />
	</resource>
   <resource methods="POST" url-mapping="/listdetails">
      <inSequence>
         <property expression="json-eval($.key)" name="key" scope="default" type="STRING" />
         <property expression="json-eval($.tableName)" name="tableName" scope="default" type="STRING" />
         <amazondynamodb.init>
				<region>us-east-2</region>
				<accessKeyId><!--Add accesskey--></accessKeyId>
				<secretAccessKey><!--Add secret key--></secretAccessKey>
				<blocking>false</blocking>
			</amazondynamodb.init>
         <amazondynamodb.getItem>
            <key>{$ctx:key}</key>
            <tableName>{$ctx:tableName}</tableName>
			</amazondynamodb.getItem>
         <respond />
		</inSequence>
      <faultSequence />
	</resource>
   <resource methods="POST" url-mapping="/listtable">
      <inSequence>
         <property expression="json-eval($.exclusiveStartTableName)" name="exclusiveStartTableName" scope="default" type="STRING" />
         <property expression="json-eval($.limit)" name="limit" scope="default" type="STRING" />
         <amazondynamodb.init>
				<region>us-east-2</region>
				<accessKeyId><!--Add accesskey--></accessKeyId>
				<secretAccessKey><!--Add secret key--></secretAccessKey>
				<blocking>false</blocking>
			</amazondynamodb.init>
         <amazondynamodb.listTables>
            <exclusiveStartTableName>{$ctx:exclusiveStartTableName}</exclusiveStartTableName>
            <limit>{$ctx:limit}</limit>
			</amazondynamodb.listTables>
         <respond />
		</inSequence>
      <faultSequence />
	</resource>
   <resource methods="POST" url-mapping="/updatetable">
      <inSequence>
         <property expression="json-eval($.tableName)" name="tableName" scope="default" type="STRING" />
         <property expression="json-eval($.provisionedThroughput)" name="provisionedThroughput" scope="default" type="STRING" />
         <amazondynamodb.init>
				<region>us-east-2</region>
				<accessKeyId><!--Add accesskey--></accessKeyId>
				<secretAccessKey><!--Add secret key--></secretAccessKey>
				<blocking>false</blocking>
			</amazondynamodb.init>
         <amazondynamodb.updateTable>
            <tableName>{$ctx:tableName}</tableName>
            <provisionedThroughput>{$ctx:provisionedThroughput}</provisionedThroughput>
			</amazondynamodb.updateTable>
         <respond />
		</inSequence>
      <faultSequence />
	</resource>
   <resource methods="POST" url-mapping="/deletetable">
      <inSequence>
         <property expression="json-eval($.tableName)" name="tableName" scope="default" type="STRING" />
         <amazondynamodb.init>
				<region>us-east-2</region>
				<accessKeyId><!--Add accesskey--></accessKeyId>
				<secretAccessKey><!--Add secret key--></secretAccessKey>
				<blocking>false</blocking>
			</amazondynamodb.init>
         <amazondynamodb.deleteTable>
            <tableName>{$ctx:tableName}</tableName>
			</amazondynamodb.deleteTable>
         <respond />
		</inSequence>
      <faultSequence />
	</resource>
</api>
