<?xml version="1.0" encoding="UTF-8"?>
<api context="/jira" name="jiraAPI" xmlns="http://ws.apache.org/ns/synapse">
    <resource methods="POST" uri-template="/createIssue">
        <inSequence>
            <jira.init>
                    <username>****</username>
                    <password>****</password>
                    <uri>https://<site-url></uri>
            </jira.init>
            <jira.createIssue>
                <issueFields>{$ctx:issueFields}</issueFields>
            </jira.createIssue>
            <respond/>
        </inSequence>
        <faultSequence/>
    </resource>
    <resource methods="POST" uri-template="/getIssue">
        <inSequence>
            <jira.init>
                    <username>****</username>
                    <password>****</password>
                    <uri>https://<site-url></uri>
            </jira.init>
            <jira.getIssue>
                <issueIdOrKey>{$ctx:id}</issueIdOrKey>
            </jira.getIssue>
            <respond/>
        </inSequence>
        <faultSequence/>
    </resource>
</api>
