<?xml version="1.0" encoding="UTF-8"?>
<localEntry key="PulsarSecureConnection" xmlns="http://ws.apache.org/ns/synapse">
  <pulsar.init>
    <connectionType>pulsarsecure</connectionType>
    <serviceUrl>pulsar+ssl://localhost:6651/</serviceUrl>
    <authenticationType>JWT</authenticationType>
    <jwtToken>eyJhbGciOiJIUzI1NiJ9.eyJzdWIiOiJ0ZXN0LXVzZXIifQ.KpRMeZtp9Tjl-4wJq5PppK71sc6Gwb0utspd1PpLSr0</jwtToken>
    <tlsAllowInsecureConnection>false</tlsAllowInsecureConnection>
    <useKeyStoreTls>false</useKeyStoreTls>
    <tlsTrustCertsFilePath>/Users/wso2/Documents/apache-pulsar-4.0.4/ca.cert.pem</tlsTrustCertsFilePath>
    <name>PulsarSecureConnection</name>
  </pulsar.init>
</localEntry>