<?xml version="1.0" encoding="UTF-8"?>
<inboundEndpoint name="ApachePulsarInboundEP" class="org.wso2.integration.inbound.PulsarMessageConsumer" sequence="successSeq" onError="errorSeq" suspend="false">
    <parameters xmlns="http://ws.apache.org/ns/synapse">
        <parameter name="interval">1000</parameter>
        <parameter name="coordination">true</parameter>
        <parameter name="useTLS">true</parameter>
        <parameter name="serviceUrl">pulsar+ssl://localhost:6651/</parameter>
        <parameter name="tlsAllowInsecureConnection">false</parameter>
        <parameter name="useKeyStoreTls">false</parameter>
        <parameter name="tlsTrustCertsFilePath">/Users/wso2/Documents/apache-pulsar-4.0.4/ca.cert.pem</parameter>
        <parameter name="authenticationType">JWT</parameter>
        <parameter name="jwtToken">eyJhbGciOiJIUzI1NiJ9.eyJzdWIiOiJ0ZXN0LXVzZXIifQ.KpRMeZtp9Tjl-4wJq5PppK71sc6Gwb0utspd1PpLSr0</parameter>
        <parameter name="topicNames">persistent://public/default/baa</parameter>
        <parameter name="subscriptionName">mySubscription</parameter>
        <parameter name="subscriptionType">Exclusive</parameter>
        <parameter name="subscriptionTopicsMode">PersistentOnly</parameter>
        <parameter name="subscriptionInitialPosition">Latest</parameter>
        <parameter name="contentType">application/json</parameter>
        <parameter name="messageWaitTimeout">2000</parameter>
        <parameter name="processingMode">Sync</parameter>
        <parameter name="dlqMaxRedeliverCount">5</parameter>
        <parameter name="batchReceiveEnabled">false</parameter>
    </parameters>
</inboundEndpoint>