<?xml version="1.0" encoding="UTF-8"?>
<api context="/read" name="read" xmlns="http://ws.apache.org/ns/synapse">
    <resource methods="POST" uri-template="/">
        <inSequence>
            <googlespreadsheet.getCellData configKey="GoogleSheet">
                <configLevel >BASIC</configLevel>
                <spreadsheetId >{${payload.sheetId}}</spreadsheetId>
                <sheetName >Sheet1</sheetName>
                <cellId >A1</cellId>
                <responseVariable >googlespreadsheet_getCellData_1</responseVariable>
                <overwriteBody >false</overwriteBody>
            </googlespreadsheet.getCellData>
            <payloadFactory media-type="json" template-type="default">
                <format>{"value":${vars.googlespreadsheet_getCellData_1.payload.values}}</format>
            </payloadFactory>
            <respond/>
        </inSequence>
        <faultSequence>
        </faultSequence>
    </resource>
</api>