<?xml version="1.0" encoding="UTF-8"?>
    <localEntry key="AMAZON_SQS_CONNECTION" xmlns="http://ws.apache.org/ns/synapse">
        <amazonsqs.init>
  <connectionType>amazonsqs</connectionType>
  <name>AMAZON_SQS_CONNECTION</name>
  <accessKeyId><!--your access key ID --></accessKeyId>
  <secretAccessKey><!--your secret access key --></secretAccessKey>
  <region>us-east-1</region>
  <version>2009-02-01</version>
  <blocking>false</blocking>
  <enableSSL>true</enableSSL>
</amazonsqs.init>
    </localEntry>