<?xml version="1.0" encoding="UTF-8"?>
<sequence name="create"  trace="disable"  xmlns="http://ws.apache.org/ns/synapse">
	<property name="sObjectName" scope="default" type="STRING" expression="json-eval($.sObject)"/>
	<property name="fieldAndValue" scope="default" type="STRING" expression="json-eval($.fieldAndValue)"/>
	<salesforcerest.create configKey="SalesforceRestConnection">
		<sObjectName>{$ctx:sObject}</sObjectName>
		<fieldAndValue>{$ctx:fieldAndValue}</fieldAndValue>
	</salesforcerest.create>
</sequence>