<?xml version="1.0" encoding="UTF-8"?>
<sequence name="buildMessage" trace="disable" xmlns="http://ws.apache.org/ns/synapse">
    <property expression="json-eval($.companyName)" name="companyName" scope="default" type="STRING"/>
    <payloadFactory media-type="xml">
        <format>
            <m0:getQuote xmlns:m0="http://services.samples">
                <m0:request>
                    <m0:symbol>$1</m0:symbol>
                </m0:request>
            </m0:getQuote>
        </format>
        <args>
            <arg evaluator="xml" expression="$ctx:companyName"/>
        </args>
    </payloadFactory>
    <enrich>
        <source clone="true" type="body"/>
        <target property="target_property" type="property"/>
    </enrich>
</sequence>