<?xml version="1.0" encoding="UTF-8"?>
<sequence name="createQueue" trace="disable" xmlns="http://ws.apache.org/ns/synapse">
    <amazonsqs.createQueue configKey="AMAZON_SQS_CONNECTION">
        <queueName>{$ctx:queueName}</queueName>
    </amazonsqs.createQueue>
    <property expression="json-eval($.CreateQueueResponse.CreateQueueResult.QueueUrl)" name="queueURL" scope="default" type="STRING"/>
    <log level="custom">
        <property expression="$ctx:queueURL" name="queueURL"/>
    </log>
    <property expression="fn:substring($ctx:queueURL,41,12)" name="queueId" scope="default" type="STRING" xmlns:fn="http://www.w3.org/2005/xpath-functions"/>
    <log level="custom">
        <property expression="$ctx:queueId" name="queueId"/>
    </log>
</sequence>