<?xml version="1.0" encoding="UTF-8"?>
<sequence name="editSpreadsheet"  trace="disable"  xmlns="http://ws.apache.org/ns/synapse">
    <property expression="json-eval($.spreadsheetId)" name="spreadsheetId" scope="default" type="STRING"/>
      <property expression="json-eval($.data)" name="data" scope="default" type="STRING"/>
      <googlespreadsheet.init>
        <apiUrl>https://sheets.googleapis.com/v4/spreadsheets</apiUrl>
        <accessToken>accesstoken</accessToken>
        <clientId>clientid</clientId>
        <clientSecret>clientsecret</clientSecret>
        <refreshToken>refresh token</refreshToken>
      </googlespreadsheet.init>
      <googlespreadsheet.editMultipleCell>
          <spreadsheetId>{$ctx:spreadsheetId}</spreadsheetId>
          <valueInputOption>RAW</valueInputOption>
          <data>{$ctx:data}</data>
      </googlespreadsheet.editMultipleCell>
</sequence>
