<?xml version="1.0" encoding="UTF-8"?>
<sequence name="readData"  trace="disable"  xmlns="http://ws.apache.org/ns/synapse">
	<property expression="json-eval($.spreadsheetId)" name="spreadsheetId" scope="default"
		type="STRING" />
	<property expression="json-eval($.range)" name="range" scope="default" type="STRING" />
    <googlespreadsheet.init>
        <apiUrl>https://sheets.googleapis.com/v4/spreadsheets</apiUrl>
        <accessToken>accesstoken</accessToken>
        <clientId>clientid</clientId>
        <clientSecret>clientsecret</clientSecret>
        <refreshToken>refresh token</refreshToken>
    </googlespreadsheet.init>
	<googlespreadsheet.getCellData>
		<spreadsheetId>{$ctx:spreadsheetId}</spreadsheetId>
		<range>{$ctx:range}</range>
		<dateTimeRenderOption>SERIAL_NUMBER</dateTimeRenderOption>
		<majorDimension>ROWS</majorDimension>
		<valueRenderOption>UNFORMATTED_VALUE</valueRenderOption>
	</googlespreadsheet.getCellData>
</sequence>
