<?xml version="1.0" encoding="UTF-8"?>
<localEntry key="PulsarSecureConnection" xmlns="http://ws.apache.org/ns/synapse">
  <pulsar.init>
    <connectionType>PULSARSECURE</connectionType>
    <serviceUrl>pulsar+ssl://localhost:6651/</serviceUrl>
    <authenticationType>JWT</authenticationType>
    <jwtToken><!--your JWT token --></jwtToken>
    <tlsAllowInsecureConnection>false</tlsAllowInsecureConnection>
    <useKeyStoreTls>false</useKeyStoreTls>
    <tlsTrustCertsFilePath>/Users/wso2/Documents/apache-pulsar-4.0.4/ca.cert.pem</tlsTrustCertsFilePath>
    <name>PulsarSecureConnection</name>
  </pulsar.init>
</localEntry>