<?xml version="1.0" encoding="UTF-8"?>
<api context="/documentum" name="documentum" xmlns="http://ws.apache.org/ns/synapse">
	<resource methods="POST" uri-template="/createFolder">
		<inSequence>
			<property expression="json-eval($.repo)" name="repo" scope="default" type="STRING" />
			<property expression="json-eval($.objectcodeID)" name="objectcode" scope="default"
				type="STRING" />
			<property expression="json-eval($.foldername)" name="foldername" scope="default"
				type="STRING" />
			<documentum.createfolder configKey="DocumentumConnection">
				<repo>{$ctx:repo}</repo>
				<folderID>{$ctx:objectcode}</folderID>
				<foldername>{$ctx:foldername}</foldername>
			</documentum.createfolder>
			<respond />
		</inSequence>
		<faultSequence>
		</faultSequence>
	</resource>
	<resource methods="POST" uri-template="/getCabinets">
		<inSequence>
			<property name="repo" scope="default" type="STRING" expression="json-eval($.repo)" />
			<documentum.getcabinets configKey="DocumentumConnection">
				<repo>{ctx:repo}</repo>
			</documentum.getcabinets>
			<respond />
		</inSequence>
		<faultSequence>
		</faultSequence>
	</resource>
	<resource methods="POST" uri-template="/createDocument">
		<inSequence>
			<property expression="json-eval($.repoName)" name="repoName" scope="default"
				type="STRING" />
			<property expression="json-eval($.folderID)" name="folderID" scope="default"
				type="STRING" />
			<property expression="json-eval($.docName)" name="docName" scope="default" type="STRING" />
			<property expression="json-eval($.docType)" name="docType" scope="default" type="STRING" />
			<documentum.createdocument configKey="DocumentumConnection">
				<repo>{ctx:repoName}</repo>
				<folderID>{ctx:folderID}</folderID>
				<documentname>{ctx:docName}</documentname>
				<doctype>{ctx:docType}</doctype>
			</documentum.createdocument>
			<respond />
		</inSequence>
		<faultSequence>
		</faultSequence>
	</resource></api>
