<?xml version="1.0" encoding="UTF-8"?>
<api context="/publishmessage" name="PublishMessage" xmlns="http://ws.apache.org/ns/synapse">
    <resource methods="POST" uri-template="/">
        <inSequence>
            <rabbitmq.publishMessage configKey="RabbitMQConnection">
                <headers>[]</headers>
                <requestBodyType>TEXT</requestBodyType>
                <requestBodyText>${payload.message}</requestBodyText>
                <requestCharSet></requestCharSet>
                <queue>{${payload.queue}}</queue>
                <queueAutoDeclare>true</queueAutoDeclare>
                <queueType>QUORUM</queueType>
                <queueArguments></queueArguments>
                <deliveryLimit></deliveryLimit>
                <deadLetterStrategy></deadLetterStrategy>
                <queueAutoDelete>false</queueAutoDelete>
                <queueOverflowStrategy>DROP_HEAD</queueOverflowStrategy>
                <exchange></exchange>
                <exchangeAutoDeclare>false</exchangeAutoDeclare>
                <exchangeType>DIRECT</exchangeType>
                <routingKey></routingKey>
                <exchangeArguments></exchangeArguments>
                <exchangeAutoDelete>false</exchangeAutoDelete>
                <publishTimeout>60000</publishTimeout>
                <publisherConfirms>true</publisherConfirms>
                <responseVariable>rabbitmq_publishMessage_1</responseVariable>
                <overwriteBody>false</overwriteBody>
            </rabbitmq.publishMessage>
            <filter xpath="${vars.rabbitmq_publishMessage_1.payload.success}">
                <then>
                    <log category="INFO" logMessageID="false" logFullPayload="false">
                        <message>Published message Successfully with message ID: ${vars.rabbitmq_publishMessage_1.payload.messageId}</message>
                    </log>
                    <payloadFactory media-type="json" template-type="default">
                        <format>${vars.rabbitmq_publishMessage_1.payload}</format>
                    </payloadFactory>
                </then>
                <else>
                    <log category="INFO" logMessageID="false" logFullPayload="false">
                        <message>Failed to Publish Message with message ID: ${vars.rabbitmq_publishMessage_1.payload.messageId}</message>
                    </log>
                    <payloadFactory media-type="json" template-type="default">
                        <format>${vars.rabbitmq_publishMessage_1.payload}</format>
                    </payloadFactory>
                </else>
            </filter>
            <respond/>
        </inSequence>
        <faultSequence>
        </faultSequence>
    </resource>
</api>