<?xml version="1.0" encoding="UTF-8"?>
<api context="/salesforce" name="salesforce-soap-API" xmlns="http://ws.apache.org/ns/synapse">
    <resource methods="POST" url-mapping="/createRecords">
        <inSequence>
			<property expression="//Name/text()" name="Name" scope="default" type="STRING" />
			<payloadFactory media-type="xml" template-type="default">
				<format>
					<sfdc:sObjects type="Account" xmlns:sfdc="sfdc">
						<sfdc:sObject>
							<sfdc:Name>{$ctx:Name}</sfdc:Name>
						</sfdc:sObject>
					</sfdc:sObjects>
				</format>
				<args>
				</args>
			</payloadFactory>
			<salesforce.create configKey="SALESFORCESOAP_CONNECTION_1">
				<allOrNone>0</allOrNone>
				<allowFieldTruncate>0</allowFieldTruncate>
				<sobjects>{//sfdc:sObjects}</sobjects>
			</salesforce.create>
			<respond />
		</inSequence>
        <faultSequence/>
    </resource>
    <resource methods="POST" url-mapping="/queryRecords">
        <inSequence>
			<property expression="//queryString/text()" name="queryString" scope="default"
				type="STRING" />
			<salesforce.query configKey="SALESFORCESOAP_CONNECTION_1">
				<batchSize>200</batchSize>
				<queryString>{$ctx:queryString}</queryString>
			</salesforce.query>
            <respond/>
		</inSequence>
        <faultSequence/>
    </resource>
</api>
