<?xml version="1.0" encoding="UTF-8"?>
<localEntry key="LDAP_Connection" xmlns="http://ws.apache.org/ns/synapse">
  <ldap.init>
    <connectionType>LDAP</connectionType>
    <secureConnection>false</secureConnection>
    <disableSSLCertificateChecking>false</disableSSLCertificateChecking>
    <providerUrl>ldap://localhost:2389/</providerUrl>
    <securityPrincipal>cn=admin,dc=mycompany,dc=com</securityPrincipal>
    <securityCredentials>adminpassword</securityCredentials>
    <timeout>30000</timeout>
    <connectionPoolingEnabled>false</connectionPoolingEnabled>
    <connectionPoolingProtocol>plain</connectionPoolingProtocol>
    <connectionPoolingInitSize>5</connectionPoolingInitSize>
    <connectionPoolingMaxSize>20</connectionPoolingMaxSize>
    <name>LDAP_Connection</name>
  </ldap.init>
</localEntry>