{
  "type": "API",
  "/create": {
    "requests": [
      {
        "name": "input1",
        "contentType": "application/json",
        "content": {
          "filePath": "/Users/wso2/Documents/mi_testing/doc/create.txt",
          "inputContent": "This is a test file"
        },
        "queryParams": {},
        "pathParams": {}
      }
    ],
    "defaultRequest": "input1"
  },
  "/read": {
    "requests": [
      {
        "name": "input2",
        "contentType": "application/json",
        "content": {
          "filePath": "/Users/wso2/Documents/mi_testing/doc/create.txt"
        },
        "queryParams": {},
        "pathParams": {}
      }
    ],
    "defaultRequest": "input2"
  }
}