<?xml version="1.0" encoding="UTF-8"?>
<api context="/sendmails" name="sendmails" xmlns="http://ws.apache.org/ns/synapse">
    <resource methods="GET" uri-template="/">
        <inSequence>
            <gmail.listAllMails configKey="GmailConnection">
                <includeSpamTrash>false</includeSpamTrash>
                <labelIds></labelIds>
                <maxResults>10</maxResults>
                <pageToken></pageToken>
                <q>is:unread category:updates</q>
                <responseVariable>gmail_listAllMails_1</responseVariable>
                <overwriteBody>false</overwriteBody>
            </gmail.listAllMails>
            <foreach collection="${vars.gmail_listAllMails_1.payload.messages}" parallel-execution="true" update-original="true" continue-without-aggregation="false">
                <sequence>
                    <gmail.readMail configKey="GmailConnection">
                        <id>{${payload.id}}</id>
                        <format></format>
                        <metadataHeaders></metadataHeaders>
                    </gmail.readMail>
                    <variable name="fromString" type="STRING" expression="${payload.payload.headers[?(@.name==&quot;From&quot;)].value}"/>
                    <variable name="fromEmail" type="STRING" expression="${subString(vars.fromString,integer(indexOf(vars.fromString,&quot;&lt;&quot;))+1,integer(indexOf(vars.fromString,&quot;&gt;&quot;)))}"/>
                    <gmail.sendMail configKey="GmailConnection">
                        <to>{${vars.fromEmail}}</to>
                        <subject>Thank You - Your Feedback Has Been Received!</subject>
                        <from>r.dilanperera@gmail.com</from>
                        <messageBody>Thank you for your feedback.
                            We have received it and truly appreciate you taking the time to share your thoughts with us.
                            Your input is valuable and will help us improve.
                        </messageBody>
                        <cc></cc>
                        <bcc></bcc>
                        <id>1</id>
                        <threadId></threadId>
                        <responseVariable>gmail_sendMail_1</responseVariable>
                        <overwriteBody>false</overwriteBody>
                    </gmail.sendMail>
                    <log category="INFO" logMessageID="false" logFullPayload="false">
                        <message>{&quot;Mail&quot;:&quot;${vars.fromEmail}&quot;,&quot;SendStatus&quot;:&quot;${vars.gmail_sendMail_1.payload}&quot;}</message>
                    </log>
                </sequence>
            </foreach>
            <respond/>
        </inSequence>
        <faultSequence>
        </faultSequence>
    </resource>
</api>