<?xml version="1.0" encoding="UTF-8"?>
<inboundEndpoint class="org.wso2.carbon.inbound.amazonsqs.AmazonSQSPollingConsumer" name="AmazonSQS" onError="fault" sequence="request" suspend="false" xmlns="http://ws.apache.org/ns/synapse">
    <parameters>
        <parameter name="sequential">true</parameter>
        <parameter name="interval">2000</parameter>
        <parameter name="coordination">true</parameter>
        <parameter name="waitTime">19</parameter>
        <parameter name="maxNoOfMessage">10</parameter>
        <parameter name="destination">https://sqs.us-east-2.amazonaws.com/610968236798/eiconnectortestSQS</parameter>
        <parameter name="accessKey"><!-- access key id --></parameter>
        <parameter name="secretKey"><!-- secret access key --></parameter>
        <parameter name="attributeNames">attributeName1,contentType</parameter>
        <parameter name="contentType">text/plain</parameter>
        <parameter name="class">org.wso2.carbon.inbound.amazonsqs.AmazonSQSPollingConsumer</parameter>
        <parameter name="inbound.behavior">polling</parameter>
    </parameters>
</inboundEndpoint>
