<?xml version="1.0" encoding="UTF-8"?><artifacts>
    <artifact name="S3ConnectorTestAPI" groupId="com.example.api" version="1.0.0" type="synapse/api" serverRole="EnterpriseServiceBus">
        <file>src/main/synapse-config/api/S3ConnectorTestAPI.xml</file>
    </artifact>
    <artifact name="S3ConnectorTestAPI_swagger" groupId="com.example.metadata" version="1.0.0" type="synapse/metadata" serverRole="EnterpriseServiceBus">
        <file>src/main/resources/metadata/S3ConnectorTestAPI_swagger.yaml</file>
    </artifact>
    <artifact name="S3ConnectorTestAPI_metadata" groupId="com.example.metadata" version="1.0.0" type="synapse/metadata" serverRole="EnterpriseServiceBus">
        <file>src/main/resources/metadata/S3ConnectorTestAPI_metadata.yaml</file>
    </artifact>
    <artifact name="AMAZON_S3_CONNECTION_1" groupId="com.example.local-entry" version="1.0.0" type="synapse/local-entry" serverRole="EnterpriseServiceBus">
        <file>/src/main/synapse-config/local-entries/AMAZON_S3_CONNECTION_1.xml</file>
    </artifact>
</artifacts>
