<?xml version="1.0" encoding="UTF-8"?>
<api context="/ordermgmt" name="ordermgmt" xmlns="http://ws.apache.org/ns/synapse">
    <resource methods="GET" uri-template="/place_order?customerId={customerId}&amp;productId={productId}&amp;quantity={quantity}">
        <inSequence>
            <db.beginTransaction configKey="DBCon1">
                <timeout>300</timeout>
                <isolationLevel>TRANSACTION_READ_COMMITTED</isolationLevel>
            </db.beginTransaction>
            <db.select configKey="DBCon11">
                <query>SELECT * FROM `products` WHERE `product_id` = '${params.queryParams.productId}'</query>
                <preparedStmt>SELECT * FROM `products` WHERE `product_id` = ?</preparedStmt>
                <columnNames>productid</columnNames>
                <columnTypes>VARCHAR</columnTypes>
                <format>json</format>
                <table>products</table>
                <columns>[]</columns>
                <queryType>online</queryType>
                <orderBy></orderBy>
                <queryTimeout></queryTimeout>
                <responseVariable>db_select_1</responseVariable>
                <overwriteBody>false</overwriteBody>
                <productid>{${params.queryParams.productId}}</productid>
            </db.select>
            <filter xpath="${vars.db_select_1.payload.rows[0].stock_quantity &gt;= params.queryParams.quantity}">
                <then>
                    <db.insert configKey="DBCon11">
                        <query>INSERT INTO `orders` (`customer_id`, `order_date`, `total_amount`) VALUES (${params.queryParams.customerId}, 2025-04-30 14:23:45, ${vars.db_select_1.payload.rows[0].price * params.queryParams.quantity})</query>
                        <preparedStmt>INSERT INTO `orders` (`customer_id`, `order_date`, `total_amount`) VALUES (?, ?, ?)</preparedStmt>
                        <columnNames>customerid, orderdate, totalamount</columnNames>
                        <columnTypes>INT, TIMESTAMP, DECIMAL</columnTypes>
                        <format>json</format>
                        <table>orders</table>
                        <columns>[]</columns>
                        <queryType>online</queryType>
                        <queryTimeout></queryTimeout>
                        <responseVariable>db_insert_1</responseVariable>
                        <overwriteBody>true</overwriteBody>
                        <customerid>{${params.queryParams.customerId}}</customerid>
                        <orderdate>2025-04-30 14:23:45</orderdate>
                        <totalamount>{${vars.db_select_1.payload.rows[0].price * params.queryParams.quantity}}</totalamount>
                        <status></status>
                    </db.insert>
                    <db.executeQuery configKey="DBCon1">
                        <query>UPDATE `products` SET `stock_quantity` = `stock_quantity` - ? WHERE product_id = ?</query>
                        <format>json</format>
                        <parameters>[[${params.queryParams.quantity}, "INTEGER"], [${params.queryParams.productId}, "VARCHAR"], ]</parameters>
                        <isPreparedStatement>true</isPreparedStatement>
                        <isResultSet>false</isResultSet>
                        <queryTimeout></queryTimeout>
                        <fetchSize></fetchSize>
                        <maxRows></maxRows>
                        <transactionIsolation>TRANSACTION_NONE</transactionIsolation>
                        <responseVariable>db_executeQuery_1</responseVariable>
                        <overwriteBody>false</overwriteBody>
                    </db.executeQuery>
                    <db.commitTransaction configKey="DBCon1"/>
                    <respond/>
                </then>
                <else>
                    <db.rollbackTransaction configKey="DBCon1"/>
                </else>
            </filter>
        </inSequence>
        <faultSequence>
        </faultSequence>
    </resource>
</api>