<?xml version="1.0" encoding="UTF-8"?>
<api context="/createFunction" name="createFunction" xmlns="http://ws.apache.org/ns/synapse">
    <resource methods="POST">
        <inSequence>
			<property expression="json-eval($.secretAccessKey)" name="secretAccessKey" scope="default" type="STRING"/>
			<property expression="json-eval($.accessKeyId)" name="accessKeyId" scope="default" type="STRING"/>
			<property expression="json-eval($.region)" name="region" scope="default" type="STRING"/>
			<property expression="json-eval($.blocking)" name="blocking" scope="default" type="STRING"/>
			<property expression="json-eval($.functionName)" name="functionName" scope="default" type="STRING"/>
			<property expression="json-eval($.functionDescription)" name="functionDescription" scope="default" type="STRING"/>
			<property expression="json-eval($.apiVersionCreateFunction)" name="apiVersionCreateFunction" scope="default" type="STRING"/>
			<property expression="json-eval($.s3Bucket)" name="s3Bucket" scope="default" type="STRING"/>
			<property expression="json-eval($.s3Key)" name="s3Key" scope="default" type="STRING"/>
			<property expression="json-eval($.s3ObjectVersion)" name="s3ObjectVersion" scope="default" type="STRING"/>
			<property expression="json-eval($.zipFile)" name="zipFile" scope="default" type="STRING"/>
			<property expression="json-eval($.targetArn)" name="targetArn" scope="default" type="STRING"/>
			<property expression="json-eval($.environmentVariables)" name="environmentVariables" scope="default" type="STRING"/>
			<property expression="json-eval($.handler)" name="handler" scope="default" type="STRING"/>
			<property expression="json-eval($.kmsKeyArn)" name="kmsKeyArn" scope="default" type="STRING"/>
			<property expression="json-eval($.layers)" name="layers" scope="default" type="STRING"/>
			<property expression="json-eval($.memorySize)" name="memorySize" scope="default" type="STRING"/>
			<property expression="json-eval($.publish)" name="publish" scope="default" type="STRING"/>
			<property expression="json-eval($.role)" name="role" scope="default" type="STRING"/>
			<property expression="json-eval($.runtime)" name="runtime" scope="default" type="STRING"/>
			<property expression="json-eval($.tags)" name="tags" scope="default" type="STRING"/>
			<property expression="json-eval($.timeout)" name="timeout" scope="default" type="STRING"/>
			<property expression="json-eval($.mode)" name="mode" scope="default" type="STRING"/>
			<property expression="json-eval($.securityGroupIds)" name="securityGroupIds" scope="default" type="STRING"/>
			<property expression="json-eval($.subnetIds)" name="subnetIds" scope="default" type="STRING"/>
            <amazonlambda.createFunction configKey="AMAZON_LAMBDA_CONNECTION">
                <functionName>{$ctx:functionName}</functionName>
                <functionDescription>{$ctx:functionDescription}</functionDescription>
                <apiVersionCreateFunction>{$ctx:apiVersionCreateFunction}</apiVersionCreateFunction>
                <s3Bucket>{$ctx:s3Bucket}</s3Bucket>
                <s3Key>{$ctx:s3Key}</s3Key>
                <s3ObjectVersion>{$ctx:s3ObjectVersion}</s3ObjectVersion>
                <zipFile>{$ctx:zipFile}</zipFile>
                <targetArn>{$ctx:targetArn}</targetArn>
                <environmentVariables>{$ctx:environmentVariables}</environmentVariables>
                <handler>{$ctx:handler}</handler>
                <kmsKeyArn>{$ctx:kmsKeyArn}</kmsKeyArn>
                <layers>{$ctx:layers}</layers>
                <memorySize>{$ctx:memorySize}</memorySize>
                <publish>{$ctx:publish}</publish>
                <role>{$ctx:role}</role>
                <runtime>{$ctx:runtime}</runtime>
                <tags>{$ctx:tags}</tags>
                <timeout>{$ctx:timeout}</timeout>
                <mode>{$ctx:mode}</mode>
                <securityGroupIds>{$ctx:securityGroupIds}</securityGroupIds>
                <subnetIds>{$ctx:subnetIds}</subnetIds>
			</amazonlambda.createFunction>
			<respond/>
		</inSequence>
        <faultSequence/>
    </resource>
</api> 
