<?xml version="1.0" encoding="UTF-8"?>
<sequence name="StoreSeq" trace="disable" xmlns="http://ws.apache.org/ns/synapse">
    <log category="INFO" level="custom">
		<property name="Fault happened" value="Sending to the DLC store"/>
	</log>
	<store messageStore="dlc-store"/>
	<payloadFactory media-type="xml">
        <format>
            <Response xmlns="">
                <Code>202</Code>
                <Message>Request Accepted</Message>
            </Response>
        </format>
        <args/>
    </payloadFactory>
    <property name="HTTP_SC" value="202" scope="axis2"/>
	<respond/>
</sequence>