<?xml version="1.0" encoding="UTF-8"?>
<api context="/resources" name="SampleApi" xmlns="http://ws.apache.org/ns/synapse">
    <resource methods="POST" url-mapping="/create">
        <inSequence>
            <property expression="json-eval($.base)" name="base" scope="default" type="STRING"/>
            <property expression="json-eval($.resourceType)" name="type" scope="default" type="STRING"/>
            <property expression="json-eval($.format)" name="format" scope="default" type="STRING"/>
            <log level="custom">
                <property expression="get-property('transport','Content-Type')" name="base"/>
            </log>
            <fhir.init>
                <base>http://hapi.fhir.org/baseR4</base>
            </fhir.init>
            <switch source="get-property('transport','Content-Type')">
                <case regex="application/json">
                    <property name="format" scope="default" type="STRING" value="json"/>
                    <fhir.create>
                        <type>{$ctx:type}</type>
                        <format>{$ctx:format}</format>
                    </fhir.create>
                </case>
                <case regex="application/xml">
                    <property name="format" scope="default" type="STRING" value="xml"/>
                    <fhir.create>
                        <type>{$ctx:type}</type>
                        <format>{$ctx:format}</format>
                    </fhir.create>
                </case>
                <default></default>
            </switch>
            <log level="full" separator=","/>
            <respond/>
        </inSequence>
        <faultSequence/>
    </resource>
    <resource methods="POST" url-mapping="/read">
        <inSequence>
            <property expression="json-eval($.base)" name="base" scope="default" type="STRING"/>
            <property expression="json-eval($.resourceType)" name="type" scope="default" type="STRING"/>
            <property expression="json-eval($.format)" name="format" scope="default" type="STRING"/>
            <fhir.init>
                <base>http://hapi.fhir.org/baseR4</base>
            </fhir.init>
            <switch source="get-property('transport','Content-Type')">
                <case regex="application/json">
                    <property name="format" scope="default" type="STRING" value="json"/>
                    <fhir.readResource>
                        <type>{$ctx:type}</type>
                        <format>{$ctx:format}</format>
                    </fhir.readResource>
                </case>
                <case regex="application/xml">
                    <property name="format" scope="default" type="STRING" value="xml"/>
                    <fhir.readResource>
                        <type>{$ctx:type}</type>
                        <format>{$ctx:format}</format>
                    </fhir.readResource>
                </case>
                <default></default>
            </switch>
            <log level="full" separator=","/>
            <respond/>
        </inSequence>
        <faultSequence/>
    </resource>
    <resource methods="POST" url-mapping="/readSpecificResourceById">
        <inSequence>
            <property expression="json-eval($.base)" name="base" scope="default" type="STRING"/>
            <property expression="json-eval($.resourceType)" name="type" scope="default" type="STRING"/>
            <property expression="json-eval($.format)" name="format" scope="default" type="STRING"/>
            <property expression="json-eval($.id)" name="id" scope="default" type="STRING"/>
            <property expression="json-eval($.summary)" name="summary" scope="default" type="STRING"/>
            <fhir.init>
                <base>http://hapi.fhir.org/baseR4</base>
            </fhir.init>
            <switch source="get-property('transport','Content-Type')">
                <case regex="application/json">
                    <property name="format" scope="default" type="STRING" value="json"/>
                    <fhir.readSpecificResourceById>
                        <type>{$ctx:type}</type>
                        <id>{$ctx:id}</id>
                        <format>{$ctx:format}</format>
                        <summary>{$ctx:summary}</summary>
                    </fhir.readSpecificResourceById>
                </case>
                <case regex="application/xml">
                    <property name="format" scope="default" type="STRING" value="xml"/>
                    <fhir.readSpecificResourceById>
                        <type>{$ctx:type}</type>
                        <id>{$ctx:id}</id>
                        <format>{$ctx:format}</format>
                        <summary>{$ctx:summary}</summary>
                    </fhir.readSpecificResourceById>
                </case>
                <default></default>
            </switch>
            <log level="full" separator=","/>
            <respond/>
        </inSequence>
        <faultSequence/>
    </resource>
    <resource methods="POST" url-mapping="/update">
        <inSequence>
            <property expression="json-eval($.base)" name="base" scope="default" type="STRING"/>
            <property expression="json-eval($.resourceType)" name="type" scope="default" type="STRING"/>
            <property expression="json-eval($.format)" name="format" scope="default" type="STRING"/>
            <property expression="json-eval($.idToUpdate)" name="idToDelete" scope="default" type="STRING"/>
            <fhir.init>
                <base>http://hapi.fhir.org/baseR4</base>
            </fhir.init>
            <switch source="get-property('transport','Content-Type')">
                <case regex="application/json">
                    <property name="format" scope="default" type="STRING" value="json"/>
                    <fhir.update>
                        <type>{$ctx:type}</type>
                        <idToUpdate>{$ctx:idToUpdate}</idToUpdate>
                        <format>{$ctx:format}</format>
                    </fhir.update>
                </case>
                <case regex="application/xml">
                    <property name="format" scope="default" type="STRING" value="xml"/>
                    <fhir.update>
                        <type>{$ctx:type}</type>
                        <idToUpdate>{$ctx:idToUpdate}</idToUpdate>
                        <format>{$ctx:format}</format>
                    </fhir.update>
                </case>
                <default></default>
            </switch>
            <log level="full" separator=","/>
            <respond/>
        </inSequence>
        <faultSequence/>
    </resource>
    <resource methods="POST" url-mapping="/delete">
        <inSequence>
            <property expression="json-eval($.base)" name="base" scope="default" type="STRING"/>
            <property expression="json-eval($.resourceType)" name="type" scope="default" type="STRING"/>
            <property expression="json-eval($.format)" name="format" scope="default" type="STRING"/>
            <property expression="json-eval($.idToDelete)" name="idToDelete" scope="default" type="STRING"/>
            <fhir.init>
                <base>http://hapi.fhir.org/baseR4</base>
            </fhir.init>
            <switch source="get-property('transport','Content-Type')">
                <case regex="application/json">
                    <property name="format" scope="default" type="STRING" value="json"/>
                    <fhir.delete>
                        <type>{$ctx:type}</type>
                        <idToDelete>{$ctx:idToDelete}</idToDelete>
                    </fhir.delete>
                </case>
                <case regex="application/xml">
                    <property name="format" scope="default" type="STRING" value="xml"/>
                    <fhir.delete>
                        <type>{$ctx:type}</type>
                        <idToDelete>{$ctx:idToDelete}</idToDelete>
                    </fhir.delete>
                </case>
                <default></default>
            </switch>
            <log level="full" separator=","/>
            <respond/>
        </inSequence>
        <faultSequence/>
    </resource>
</api>
