<?xml version="1.0" encoding="UTF-8"?>
<api context="/idpconnector" name="idpConnector" xmlns="http://ws.apache.org/ns/synapse">
    <resource methods="POST" uri-template="/">
        <inSequence>
            <idp.processDocuments configKey="open_ai_connection">
                <maxTokens>4096</maxTokens>
                <fileContent>{${payload.image}}</fileContent>
                <idpSchema>schema_1</idpSchema>
                <responseVariable>idp_processDocuments_1</responseVariable>
                <overwriteBody>true</overwriteBody>
                <contentFormat>Base64</contentFormat>
                <mimeType>image/jpeg</mimeType>
            </idp.processDocuments>
            <respond/>
        </inSequence>
        <faultSequence>
        </faultSequence>
    </resource>
</api>