<?xml version="1.0" encoding="UTF-8"?>
<api context="/sendmails" name="SendMails" xmlns="http://ws.apache.org/ns/synapse">
    <resource methods="GET" uri-template="/">
        <inSequence>
            <gmail.init>
				<userId></userId>
                <apiUrl>https://www.googleapis.com/gmail</apiUrl>
				<accessToken><!-- access token --></accessToken>
				<clientId><!-- client id --></clientId>
				<clientSecret><!-- client secret --></clientSecret>
				<refreshToken><!-- refresh token --></refreshToken>
			</gmail.init>
			<gmail.getAccessTokenFromRefreshToken/>
			<gmail.deleteThreads>
				<id>asd</id>
			</gmail.deleteThreads>
            <gmail.listAllMails>
                <includeSpamTrash>false</includeSpamTrash>
                <maxResults>20</maxResults>
                <q>is:unread category:updates </q>
			</gmail.listAllMails>
			<iterate expression="json-eval($.messages)" id="iterator">
				<target>
					<sequence>
						<sequence key="reply"/>
					</sequence>
				</target>
			</iterate>
			<respond/>
		</inSequence>
        <faultSequence>
		</faultSequence>
    </resource>
</api>