<?xml version="1.0" encoding="UTF-8"?>
<sequence name="ReceiveAndForwardMessage" trace="disable" xmlns="http://ws.apache.org/ns/synapse">
    <amazonsqs.receiveMessage configKey="AMAZON_SQS_CONNECTION">
          <maxNumberOfMessages>5</maxNumberOfMessages>
          <queueUrl>{$ctx:queueURL}</queueUrl>
	</amazonsqs.receiveMessage>
	<property xmlns:m0="http://services.samples" name="stockprop" expression="$body//m0:getQuote"/>
	<log level="custom">
          <property expression="$ctx:stockprop" name="stockprop"/>
	</log>
	<payloadFactory media-type="xml">
		<format>
			<soapenv:Envelope xmlns:soapenv="http://www.w3.org/2003/05/soap-envelope">
				<soapenv:Body>$1</soapenv:Body>
			</soapenv:Envelope>
		</format>
		<args>
			<arg evaluator="xml" expression="$ctx:stockprop" />
		</args>
	</payloadFactory>
    <header name="Action" scope="default" value="urn:getQuote"/>
	<call>
		<endpoint key="SimpleStockQuote" />
	</call>
</sequence>
