<?xml version="1.0" encoding="UTF-8"?>
<api context="/publishmessage" name="PublishMessage" xmlns="http://ws.apache.org/ns/synapse">
    <resource methods="POST" uri-template="/">
        <inSequence>
            <pulsar.publishMessage configKey="PulsarSecureConnection">
                <topicName>{${payload.topic}}</topicName>
                <compressionType>NONE</compressionType>
                <sendMode>Sync</sendMode>
                <batchingEnabled>true</batchingEnabled>
                <batchingMaxMessages>5</batchingMaxMessages>
                <batchingMaxBytes>131072</batchingMaxBytes>
                <batchingMaxPublishDelayMicros>5000</batchingMaxPublishDelayMicros>
                <sendTimeoutMs></sendTimeoutMs>
                <blockIfQueueFull>false</blockIfQueueFull>
                <maxPendingMessages></maxPendingMessages>
                <maxPendingMessagesAcrossPartitions></maxPendingMessagesAcrossPartitions>
                <hashingScheme>JavaStringHash</hashingScheme>
                <messageRoutingMode>RoundRobinPartition</messageRoutingMode>
                <cryptoFailureAction>FAIL</cryptoFailureAction>
                <key>{${payload.key}}</key>
                <value>{${payload.message}}</value>
                <properties>[{"message-type":"${payload.properties.message-type}"}, {"event-date":"${payload.properties.event-date}"}]</properties>
                <sequenceId></sequenceId>
                <deliverAfter></deliverAfter>
                <responseVariable>pulsar_publishMessage_28</responseVariable>
                <overwriteBody>true</overwriteBody>
            </pulsar.publishMessage>
            <log category="INFO" logMessageID="false" logFullPayload="false">
                <message>Published message successfully with the message ID: ${payload.messageId}</message>
            </log>
            <respond/>
        </inSequence>
        <faultSequence>
        </faultSequence>
    </resource>
</api>