<?xml version="1.0" encoding="UTF-8"?>
<api context="/salesforce" name="Salesforce" xmlns="http://ws.apache.org/ns/synapse">
	<resource methods="POST" uri-template="/insertEmployeeBulkRecords">
		<inSequence>
			<property name="objectName" scope="default" type="STRING" expression="//object/text()"/>
			<property name="source" scope="default" type="STRING" expression="//source/text()"/>
			<salesforcebulk.createJob configKey="SalesforceBulkConnection">
				<object>{$ctx:objectName}</object>
				<operation>insert</operation>
				<contentType>XML</contentType>
			</salesforcebulk.createJob>
			<property name="jobId" scope="default" type="STRING" expression="//n0:jobInfo/n0:id" xmlns:n0="http://www.force.com/2009/06/asyncapi/dataload"/>
			<file.read configKey="FileConnection">
				<path>{$ctx:source}</path>
				<readMode>Complete File</readMode>
				<startLineNum>0</startLineNum>
				<endLineNum>0</endLineNum>
				<lineNum>0</lineNum>
				<encoding>UTF-8</encoding>
				<enableStreaming>false</enableStreaming>
				<enableLock>false</enableLock>
				<includeResultTo>Message Body</includeResultTo>
				<contentType>text/csv</contentType>
			</file.read>
			<datamapper config="gov:/datamapper/CsvToXml/CsvToXml.dmc" inputSchema="gov:/datamapper/CsvToXml/CsvToXml_inputSchema.json" inputType="CSV" outputSchema="gov:/datamapper/CsvToXml/CsvToXml_outputSchema.json" outputType="XML"/><salesforcebulk.addBatch configKey="SalesforceBulkConnection">
				<objects>{//values}</objects>
				<jobId>{$ctx:jobId}</jobId>
				<isQuery>false</isQuery>
				<contentType>application/xml</contentType>
			</salesforcebulk.addBatch>
			<respond/>
		</inSequence>
		<faultSequence>
		</faultSequence>
	</resource>
	<resource methods="POST" uri-template="/getStatusOfBatch">
		<inSequence>
			<property name="jobId" scope="default" type="STRING" expression="//jobId/text()"/>
			<property name="batchId" scope="default" type="STRING" expression="//batchId/text()"/>
			<salesforcebulk.getBatchStatus configKey="SalesforceBulkConnection">
				<batchId>{$ctx:batchId}</batchId>
				<jobId>{$ctx:jobId}</jobId>
			</salesforcebulk.getBatchStatus>
			<respond/>
		</inSequence>
		<faultSequence>
		</faultSequence>
	</resource></api>