<?xml version="1.0" encoding="UTF-8"?><artifacts>
    <artifact name="AmazonSQS" groupId="com.example.AmazonSQS-Inbound-Endpoint.inbound-endpoint" version="1.0.0" type="synapse/inbound-endpoint" serverRole="EnterpriseServiceBus">
        <file>src/main/synapse-config/inbound-endpoints/AmazonSQS.xml</file>
    </artifact>
    <artifact name="request" groupId="com.example.AmazonSQS-Inbound-Endpoint.sequence" version="1.0.0" type="synapse/sequence" serverRole="EnterpriseServiceBus">
        <file>src/main/synapse-config/sequences/request.xml</file>
    </artifact>
</artifacts>
