<?xml version="1.0" encoding="UTF-8"?>
<messageStore name="JMStore" class="org.apache.synapse.message.store.impl.jms.JmsStore" xmlns="http://ws.apache.org/ns/synapse">
	<parameter name="store.jms.connection.factory">QueueConnectionFactory</parameter>
	<parameter name="java.naming.factory.initial">org.apache.activemq.jndi.ActiveMQInitialContextFactory</parameter>
	<parameter name="java.naming.provider.url">tcp://localhost:61616</parameter>
	<parameter name="store.jms.JMSSpecVersion">1.1</parameter>
</messageStore>