<?xml version="1.0" encoding="UTF-8"?>
<inboundEndpoint name="KAFKAListenerEP" sequence="kafka_process_seq" onError="fault" class="org.wso2.carbon.inbound.kafka.KafkaMessageConsumer" suspend="false" xmlns="http://ws.apache.org/ns/synapse">
   <parameters>
     <parameter name="sequential">true</parameter>
     <parameter name="interval">10</parameter>
     <parameter name="coordination">true</parameter>
     <parameter name="inbound.behavior">polling</parameter>
     <parameter name="value.deserializer">org.apache.kafka.common.serialization.StringDeserializer</parameter>
     <parameter name="topic.name">test</parameter>
     <parameter name="poll.timeout">100</parameter>
     <parameter name="bootstrap.servers">localhost:9092</parameter>
     <parameter name="group.id">hello</parameter>
     <parameter name="contentType">application/json</parameter>
     <parameter name="key.deserializer">org.apache.kafka.common.serialization.StringDeserializer</parameter>
   </parameters>
</inboundEndpoint>
