<?xml version="1.0" encoding="UTF-8"?>
    <api context="/dayforceconnector" name="DayforceConnectorTestAPI" xmlns="http://ws.apache.org/ns/synapse">
	<resource methods="POST" uri-template="/getEmployeeAddress">
		<inSequence>
			<log category="INFO" level="full" separator=","/>
			<property name="username" scope="default" type="STRING" expression="json-eval($.username)"/>
			<property name="password" scope="default" type="STRING" expression="json-eval($.password)"/>
			<property name="clientNamespace" scope="default" type="STRING" expression="json-eval($.clientNamespace)"/>
			<property name="apiVersion" scope="default" type="STRING" expression="json-eval($.apiVersion)"/>
			<property name="contextDateRangeFrom" scope="default" type="STRING" expression="json-eval($.contextDateRangeFrom)"/>
			<property name="contextDateRangeTo" scope="default" type="STRING" expression="json-eval($.contextDateRangeTo)"/>
			<property name="xRefCode" scope="default" type="STRING" expression="json-eval($.xRefCode)"/>
			<ceridiandayforce.init>
				<username>{$ctx:username}</username>
				<password>{$ctx:password}</password>
				<clientNamespace>{$ctx:clientNamespace}</clientNamespace>
				<apiVersion>{$ctx:apiVersion}</apiVersion>
			</ceridiandayforce.init>
			<ceridiandayforce.getEmployeeAddresses>
				<xRefCode>{$ctx:xRefCode}</xRefCode>
				<contextDate>{$ctx:contextDate}</contextDate>
				<contextDateRangeFrom>{$ctx:contextDateRangeFrom}</contextDateRangeFrom>
				<contextDateRangeTo>{$ctx:contextDateRangeTo}</contextDateRangeTo>
			</ceridiandayforce.getEmployeeAddresses>
			<send/>
		</inSequence>
		<faultSequence>
		</faultSequence>
	</resource>
	<resource methods="POST" uri-template="/postEmployeeContact">
		<inSequence>
			<log category="INFO" level="full" separator=","/>
			<property name="username" scope="default" type="STRING" expression="json-eval($.username)"/>
			<property name="password" scope="default" type="STRING" expression="json-eval($.password)"/>
			<property name="clientNamespace" scope="default" type="STRING" expression="json-eval($.clientNamespace)"/>
			<property name="apiVersion" scope="default" type="STRING" expression="json-eval($.apiVersion)"/>
			<property name="isValidateOnly" scope="default" type="STRING" expression="json-eval($.isValidateOnly)"/>
			<property name="fieldAndValue" scope="default" type="STRING" expression="json-eval($.fieldAndValue)"/>
			<property name="xRefCode" scope="default" type="STRING" expression="json-eval($.xRefCode)"/>
			<ceridiandayforce.init>
				<username>{$ctx:username}</username>
				<password>{$ctx:password}</password>
				<clientNamespace>{$ctx:clientNamespace}</clientNamespace>
				<apiVersion>{$ctx:apiVersion}</apiVersion>
			</ceridiandayforce.init>
			<ceridiandayforce.postEmployeeContacts>
				<xRefCode>{$ctx:xRefCode}</xRefCode>
				<isValidateOnly>{$ctx:isValidateOnly}</isValidateOnly>
				<fieldAndValue>{$ctx:fieldAndValue}</fieldAndValue>
			</ceridiandayforce.postEmployeeContacts>
			<send/>
		</inSequence>
		<faultSequence>
		</faultSequence>
	</resource>
</api>