<?xml version="1.0" encoding="UTF-8"?>
<api context="/fileConnector" name="FileConnector" xmlns="http://ws.apache.org/ns/synapse">
    <resource methods="POST" uri-template="/write">
        <inSequence>
            <fileconnector.create>
                <filePath>{json-eval($.filePath)}</filePath>
                <inputContent>{json-eval($.inputContent)}</inputContent>
            </fileconnector.create>
            <respond/>
        </inSequence>
        <outSequence/>
        <faultSequence/>
    </resource>
    <resource methods="POST" uri-template="/read">
        <inSequence>
            <property expression="json-eval($.filePath)" name="source" scope="default" type="STRING"/>
            <fileconnector.isFileExist>
                <source>{$ctx:source}</source>
            </fileconnector.isFileExist>
            <property expression="json-eval($.fileExist)" name="response" scope="default" type="STRING"/>
            <log level="custom">
                <property expression="get-property('response')" name="responselog"/>
            </log>
            <switch source="get-property('response')">
                <case regex="true">
                    <fileconnector.read>
                        <source>{$ctx:source}</source>
                    </fileconnector.read>
                    <respond/>
                </case>
                <default>
                    <log>
                        <property name="notext" value="&quot;File does not exist&quot;"/>
                    </log>
                    <drop/>
                </default>
            </switch>
        </inSequence>
        <outSequence/>
        <faultSequence/>
    </resource>
</api>
