<?xml version="1.0" encoding="UTF-8"?>
  <sequence name="createQueue" trace="disable" xmlns="http://ws.apache.org/ns/synapse">
	<log category="INFO" level="custom">
		<property name="queueName" expression="$ctx:queueName" />
	</log>
	<amazonsqs.createQueue configKey="AMAZON_SQS_CONNECTION">
          <queueName>{$ctx:queueName}</queueName>
	</amazonsqs.createQueue>
	<log level="custom">
          <property expression="json-eval($)" name="queueURL"/>
	</log>
	<property expression="json-eval($.CreateQueueResponse.CreateQueueResult.QueueUrl)" name="queueURL" scope="default" type="STRING"/>
    <log level="custom">
          <property expression="$ctx:queueURL" name="queueURL"/>
	</log>
</sequence>
