{
  "type": "API",
  "/addtable": {
    "requests": [
      {
        "name": "createTable",
        "contentType": "application/json",
        "content": {
          "attributeDefinitions": [
            {
              "AttributeName": "employee_id",
              "AttributeType": "S"
            },
            {
              "AttributeName": "name",
              "AttributeType": "S"
            },
            {
              "AttributeName": "department",
              "AttributeType": "S"
            }
          ],
          "tableName": "Employee_Details",
          "keySchema": [
            {
              "AttributeName": "employee_id",
              "KeyType": "HASH"
            },
            {
              "AttributeName": "name",
              "KeyType": "RANGE"
            }
          ],
          "localSecondaryIndexes": [
            {
              "IndexName": "department",
              "KeySchema": [
                {
                  "AttributeName": "employee_id",
                  "KeyType": "HASH"
                },
                {
                  "AttributeName": "department",
                  "KeyType": "RANGE"
                }
              ],
              "Projection": {
                "ProjectionType": "KEYS_ONLY"
              }
            }
          ],
          "provisionedThroughput": {
            "ReadCapacityUnits": 5,
            "WriteCapacityUnits": 5
          }
        },
        "queryParams": {},
        "pathParams": {}
      }
    ],
    "defaultRequest": "createTable"
  },
  "/insertdetails": {
    "requests": [
      {
        "name": "putItemData",
        "contentType": "application/json",
        "content": {
          "tableName": "Employee_Details",
          "item": {
            "employee_id": {
              "S": "001"
            },
            "name": {
              "S": "Jhone Fedrick"
            },
            "department": {
              "S": "Engineering"
            }
          }
        },
        "queryParams": {},
        "pathParams": {}
      }
    ],
    "defaultRequest": "putItemData"
  },
  "/deletedetails": {
    "requests": [
      {
        "name": "deletePayload",
        "contentType": "application/json",
        "content": {
          "tableName": "Employee_Details",
          "key": {
            "employee_id": {
              "S": "001"
            },
            "name": {
              "S": "Jhone Fedrick"
            }
          }
        },
        "queryParams": {},
        "pathParams": {}
      }
    ],
    "defaultRequest": "deletePayload"
  },
  "/listdetails": {
    "requests": [
      {
        "name": "listDetails",
        "contentType": "application/json",
        "content": {
          "tableName": "Employee_Details",
          "key": {
            "employee_id": {
              "S": "001"
            },
            "name": {
              "S": "Jhone Fedrick"
            }
          }
        },
        "queryParams": {},
        "pathParams": {}
      }
    ],
    "defaultRequest": "listDetails"
  }
}