{
  "type": "object",
  "properties": {
    "purchase_order_number": {
      "type": "string",
      "description": "Purchase order number."
    },
    "date": {
      "type": "string",
      "description": "Date of the purchase order."
    },
    "client_information": {
      "type": "object",
      "properties": {
        "name": {
          "type": "string",
          "description": "Client name and attention."
        },
        "address": {
          "type": "string",
          "description": "Client address."
        },
        "email": {
          "type": "string",
          "description": "Client email address."
        },
        "phone": {
          "type": "string",
          "description": "Client phone number."
        }
      },
      "required": [
        "name",
        "address",
        "email",
        "phone"
      ],
      "additionalProperties": false
    },
    "order_information": {
      "type": "array",
      "items": {
        "type": "object",
        "properties": {
          "product_name": {
            "type": "string",
            "description": "Name of the product."
          },
          "item_number": {
            "type": "string",
            "description": "Item number."
          },
          "price": {
            "type": "string",
            "description": "Price of the product."
          },
          "quantity": {
            "type": "integer",
            "description": "Quantity ordered."
          },
          "size": {
            "type": "string",
            "description": "Size of the product."
          },
          "colour": {
            "type": "string",
            "description": "Colour of the product."
          },
          "total": {
            "type": "string",
            "description": "Total price for the product."
          }
        },
        "required": [
          "product_name",
          "item_number",
          "price",
          "quantity",
          "size",
          "colour",
          "total"
        ],
        "additionalProperties": false
      }
    },
    "shipping_info": {
      "type": "object",
      "properties": {
        "method": {
          "type": "string",
          "description": "Shipping method."
        },
        "company": {
          "type": "string",
          "description": "Shipping company."
        },
        "track_number": {
          "type": "string",
          "description": "Tracking number."
        },
        "arrival_date": {
          "type": "string",
          "description": "Expected arrival date."
        }
      },
      "required": [
        "method",
        "company",
        "track_number",
        "arrival_date"
      ],
      "additionalProperties": false
    },
    "payment_info": {
      "type": "object",
      "properties": {
        "subtotal": {
          "type": "string",
          "description": "Subtotal amount."
        },
        "discount": {
          "type": "string",
          "description": "Discount percentage."
        },
        "taxes": {
          "type": "string",
          "description": "Taxes percentage."
        },
        "shipping": {
          "type": "string",
          "description": "Shipping cost."
        },
        "payment_type": {
          "type": "string",
          "description": "Type of payment."
        },
        "total": {
          "type": "string",
          "description": "Total amount to be paid."
        }
      },
      "required": [
        "subtotal",
        "discount",
        "taxes",
        "shipping",
        "payment_type",
        "total"
      ],
      "additionalProperties": false
    },
    "notes": {
      "type": "string",
      "description": "Additional notes related to the purchase order."
    }
  },
  "required": [
    "purchase_order_number",
    "date",
    "client_information",
    "order_information",
    "shipping_info",
    "payment_info",
    "notes"
  ],
  "additionalProperties": false
}