<?xml version="1.0" encoding="UTF-8"?>
<endpoint name="StockQuoteEP" xmlns="http://ws.apache.org/ns/synapse">
    <address format="soap11"    uri="http://localhost:9000/services/SimpleStockQuoteService">
        <suspendOnFailure>
            <initialDuration>-1</initialDuration>
            <progressionFactor>1</progressionFactor>
        </suspendOnFailure>
        <markForSuspension>
            <retriesBeforeSuspension>0</retriesBeforeSuspension>
        </markForSuspension>
    </address>
</endpoint>
