<?xml version="1.0" encoding="UTF-8"?>
<endpoint name="LoadBalanceEP" xmlns="http://ws.apache.org/ns/synapse">
    <loadbalance algorithm="org.apache.synapse.endpoints.algorithms.RoundRobin">
        <endpoint>
            <address uri="http://localhost:9000/services/SimpleStockQuoteService"></address>
        </endpoint>
        <endpoint>
            <address uri="http://localhost:9001/services/SimpleStockQuoteService"></address>
        </endpoint>
        <endpoint>
            <address uri="http://localhost:9002/services/SimpleStockQuoteService"></address>
        </endpoint>
    </loadbalance>
</endpoint>