<?xml version="1.0" encoding="UTF-8"?>
<localEntry key="DBCon1" xmlns="http://ws.apache.org/ns/synapse">
  <db.init>
    <connectionType>MYSQL</connectionType>
    <dbUrl>jdbc:mysql://localhost:3306/supermarket</dbUrl>
    <dbUser>root</dbUser>
    <dbPassword>usbw</dbPassword>
    <driverClass>com.mysql.cj.jdbc.Driver</driverClass>
    <userConsent>true</userConsent>
    <dbDriver>MySQL</dbDriver>
    <exhaustedAction>WHEN_EXHAUSTED_BLOCK</exhaustedAction>
    <name>DBCon1</name>
  </db.init>
</localEntry>