<?xml version="1.0" encoding="UTF-8"?>
    <api context="/publishMessages" name="KafkaTransport" xmlns="http://ws.apache.org/ns/synapse">
	<resource methods="POST">
		<inSequence>
			<kafkaTransport.publishMessages configKey="KafkaConnection">
				<topic>test</topic>
				<partitionNo>0</partitionNo>
				<keySchemaSoftDeleted>false</keySchemaSoftDeleted>
				<valueSchemaSoftDeleted>false</valueSchemaSoftDeleted>
			</kafkaTransport.publishMessages>
		</inSequence>
		<faultSequence>
		</faultSequence>
	</resource>
	</api>