<?xml version="1.0" encoding="UTF-8"?>
<endpoint name="LoadBalanceEP" xmlns="http://ws.apache.org/ns/synapse">
    <loadbalance algorithm="org.apache.synapse.endpoints.algorithms.WeightedRoundRobin">
        <endpoint>
            <address uri="http://localhost:9000/services/SimpleStockQuoteService/"/>
            <property name="loadbalance.weight" value="1"/>
        </endpoint>
        <endpoint>
            <address uri="http://localhost:9001/services/SimpleStockQuoteService/"/>
            <property name="loadbalance.weight" value="2"/>
        </endpoint>
        <endpoint>
            <address uri="http://localhost:9002/services/SimpleStockQuoteService/"/>
            <property name="loadbalance.weight" value="3"/>
        </endpoint>
    </loadbalance>
</endpoint>