<?xml version="1.0" encoding="UTF-8"?>
<sequence name="successSeq" trace="disable" xmlns="http://ws.apache.org/ns/synapse">
    <log category="INFO"   logMessageID="false" logFullPayload="false" >
        <message>${payload}</message>
            <property name="TopicNames"  expression="${properties.synapse.topicNames}"   />
            <property name="MessageID"  expression="${properties.synapse.messageId}"   />
            <property name="Key"  expression="${properties.synapse.key}"   />
            <property name="RedeliveryCount"  expression="${properties.synapse.redeliveryCount}"   />
            <property name="MessageProperties"  expression="${properties.synapse.properties}"   />
            <property name="Payload"  expression="${payload}"   />
    </log>
</sequence>