<?xml version="1.0" encoding="UTF-8"?>
<localEntry key="AMAZON_SQS_CONNECTION" xmlns="http://ws.apache.org/ns/synapse">
    <amazonsqs.init>
        <connectionType>amazonsqs</connectionType>
        <name>AMAZON_SQS_CONNECTION</name>
        <accessKeyId>access-key-id</accessKeyId>
        <secretAccessKey>secret-access-key</secretAccessKey>
        <region>us-east-2</region>
        <version>2009-02-01</version>
        <blocking>false</blocking>
        <enableSSL>false</enableSSL>
    </amazonsqs.init>
</localEntry>