<?xml version="1.0" encoding="UTF-8"?>
<api context="/currencyapi" name="CurrencyAPI" xmlns="http://ws.apache.org/ns/synapse">
    <resource methods="POST" uri-template="/">
        <inSequence>
            <log category="INFO" logMessageID="false" logFullPayload="false">
                <message>Currency service invoked</message>
            </log>
            <http.post configKey="CurrencyConverter">
                <relativePath>/currency/rate</relativePath>
                <headers>[]</headers>
                <requestBodyType>JSON</requestBodyType>
                <requestBodyJson>${payload}</requestBodyJson>
                <forceScAccepted>false</forceScAccepted>
                <disableChunking>false</disableChunking>
                <forceHttp10>false</forceHttp10>
                <noKeepAlive>false</noKeepAlive>
                <forcePostPutNobody>false</forcePostPutNobody>
                <responseVariable>http_post_1</responseVariable>
                <overwriteBody>true</overwriteBody>
            </http.post>
            <respond/>
        </inSequence>
        <faultSequence>
        </faultSequence>
    </resource>
</api>