<?xml version="1.0" encoding="UTF-8"?>
<api context="/stockquote" name="MessageTranslate" xmlns="http://ws.apache.org/ns/synapse">
	<resource methods="GET" uri-template="/view/{symbol}">
		<inSequence>
			<payloadFactory media-type="xml" template-type="default">
				<format>
					<m0:getQuote xmlns:m0="http://services.samples">
						<m0:request>
							<m0:symbol>$1</m0:symbol>
						</m0:request>
					</m0:getQuote>
				</format>
				<args>
					<arg expression="get-property('uri.var.symbol')" evaluator="xml" />
				</args>
			</payloadFactory>
			<property name="SOAPAction" scope="transport" type="STRING" value="getQuote" />
			<call>
				<endpoint key="SimpleStockQuoteService" />
			</call>
			<respond />
		</inSequence>
		<faultSequence>
		</faultSequence>
	</resource>
</api>
