<?xml version="1.0" encoding="UTF-8"?>
<api context="/azure" name="MSAzureDataLakeStorageTestAPI" xmlns="http://ws.apache.org/ns/synapse">
    <resource methods="POST" uri-template="/createfilesystem">
        <inSequence>
        <msazuredatalakestorage.createFileSystem configKey="con1">
    <fileSystemName >{${payload.filesystemName}}</fileSystemName>
    <timeout ></timeout>
    <metadata >[["source","${payload.metadata}"],]</metadata>
    <accessType >NONE</accessType>
    <responseVariable >msazuredatalakestorage_createFileSystem_204</responseVariable>
    <overwriteBody >true</overwriteBody>
            </msazuredatalakestorage.createFileSystem>
            <respond description="create-file-system"/>
        </inSequence>
        <faultSequence>
        </faultSequence>
    </resource>
    <resource methods="POST" uri-template="/createdirectory">
        <inSequence>
            <msazuredatalakestorage.createDirectory configKey="con1">
                <fileSystemName>{${payload.filesystemName}}</fileSystemName>
                <directoryName>{${payload.targetPath}}</directoryName>
                <responseVariable>msazuredatalakestorage_createDirectory_1</responseVariable>
                <overwriteBody>true</overwriteBody>
                <metadata>[]</metadata>
                <timeout></timeout>
                <contentLanguage></contentLanguage>
                <contentType></contentType>
                <contentEncoding></contentEncoding>
                <contentDisposition></contentDisposition>
                <cacheControl></cacheControl>
                <permissions></permissions>
                <umask></umask>
                <sourceLeaseId></sourceLeaseId>
                <group></group>
                <owner></owner>
            </msazuredatalakestorage.createDirectory>


            <respond description="create-directory"/>
        </inSequence>
        <faultSequence>
        </faultSequence>
    </resource>
    <resource methods="POST" uri-template="/uploadfile">
        <inSequence>
            <msazuredatalakestorage.uploadFile configKey="con1">
                <fileSystemName>{${payload.filesystemName}}</fileSystemName>
                <filePathToUpload>{${payload.targ}}</filePathToUpload>
                <localFilePath>{${payload.localPath }}</localFilePath>
                <metadata>[["source","${ payload.source}"],]</metadata>
                <timeout></timeout>
                <responseVariable>msazuredatalakestorage_uploadFile_428</responseVariable>
                <overwriteBody>true</overwriteBody>
                <contentLanguage></contentLanguage>
                <contentType></contentType>
                <contentEncoding></contentEncoding>
                <contentDisposition></contentDisposition>
                <cacheControl></cacheControl>
                <blockSize></blockSize>
                <maxSingleUploadSize></maxSingleUploadSize>
                <maxConcurrency></maxConcurrency>
                <inputType>Local File</inputType>
            </msazuredatalakestorage.uploadFile>
            <respond description="upload-file"/>
        </inSequence>
        <faultSequence>
        </faultSequence>
    </resource>
    <resource methods="POST" uri-template="/downloadfile">
        <inSequence>
            <msazuredatalakestorage.downloadFile configKey="con1">
                <fileSystemName>{${payload.filesystemName}}</fileSystemName>
                <filePathToDownload>{${ payload.targetFile}}</filePathToDownload>
                <downloadLocation>{${payload.downloadLocation}}</downloadLocation>
                <responseVariable>msazuredatalakestorage_downloadFile_741</responseVariable>
                <overwriteBody>true</overwriteBody>
                <timeout></timeout>
                <leaseId></leaseId>
                <ifUnmodifiedSince></ifUnmodifiedSince>
                <ifMatch></ifMatch>
                <ifModifiedSince></ifModifiedSince>
                <ifNoneMatch></ifNoneMatch>
                <blockSize></blockSize>
                <maxConcurrency></maxConcurrency>
                <offset></offset>
                <count></count>
                <maxRetryRequests></maxRetryRequests>
                <rangeGetContentMd5>false</rangeGetContentMd5>
            </msazuredatalakestorage.downloadFile>
            <respond description="doenload-file"/>
        </inSequence>
        <faultSequence>
        </faultSequence>
    </resource>
    <resource methods="POST" uri-template="/readmetadata">
        <inSequence>
            <msazuredatalakestorage.getMetadata configKey="con1">
                <fileSystemName>{${payload.filesystemName}}</fileSystemName>
                <filePath>{${payload.targetPath}}</filePath>
                <responseVariable>msazuredatalakestorage_getMetadata_316</responseVariable>
                <overwriteBody>true</overwriteBody>
            </msazuredatalakestorage.getMetadata>
            <respond description="read-metadata"/>
        </inSequence>
        <faultSequence>
        </faultSequence>
    </resource>
    <resource methods="POST" uri-template="/deletefilesystem">
        <inSequence>
            <msazuredatalakestorage.deleteFileSystem configKey="con1">
                <fileSystemName>{${ payload.filesystemName}}</fileSystemName>
                <responseVariable>msazuredatalakestorage_deleteFileSystem_137</responseVariable>
                <overwriteBody>true</overwriteBody>
                <timeout></timeout>
                <leaseId></leaseId>
                <ifUnmodifiedSince></ifUnmodifiedSince>
                <ifMatch></ifMatch>
                <ifModifiedSince></ifModifiedSince>
                <ifNoneMatch></ifNoneMatch>
            </msazuredatalakestorage.deleteFileSystem>
            <respond description="delete-filesystem"/>
        </inSequence>
        <faultSequence>
        </faultSequence>
    </resource>
</api>