<?xml version="1.0" encoding="UTF-8"?>
<localEntry key="JsonPlaceHolderConnection" xmlns="http://ws.apache.org/ns/synapse">
  <http.init>
    <connectionType>HTTP</connectionType>
    <baseUrl>http://jsonplaceholder.typicode.com</baseUrl>
    <authType>None</authType>
    <timeoutAction>Never</timeoutAction>
    <retryCount>0</retryCount>
    <retryDelay>0</retryDelay>
    <suspendInitialDuration>-1</suspendInitialDuration>
    <suspendProgressionFactor>1</suspendProgressionFactor>
    <name>JsonPlaceHolderConnection</name>
  </http.init>
</localEntry>