<?xml version="1.0" encoding="UTF-8"?>
<api context="/servicenow" name="serviceNow" xmlns="http://ws.apache.org/ns/synapse">
    <resource methods="POST" uri-template="/postRecord">
        <inSequence>
            <servicenow.postRecord configKey="ServiceNowConnection">
                <tableName>incident</tableName>
                <sysparmDisplayValue>true</sysparmDisplayValue>
                <sysparmFields>short_description,number,sys_id</sysparmFields>
                <sysparmView>short_description,number,sys_id</sysparmView>
                <sysparmExcludeReferenceLink>false</sysparmExcludeReferenceLink>
                <sysparmInputDisplayValue>true</sysparmInputDisplayValue>
                <number>34</number>
                <shortDescription>Incident type: L2</shortDescription>
                <active>true</active>
                <approval>owner</approval>
                <category>inquiry</category>
                <contactType>email</contactType>
                <apiColumns></apiColumns>
            </servicenow.postRecord>
            <log category="INFO" logMessageID="false" logFullPayload="true">
                <message></message>
            </log>
            <servicenow.getRecordById configKey="ServiceNowConnection">
                <sysId>{${payload.result.sys_id}}</sysId>
                <tableName>incident</tableName>
                <sysparmDisplayValue></sysparmDisplayValue>
                <sysparmFields></sysparmFields>
                <sysparmView></sysparmView>
                <sysparmExcludeReferenceLink></sysparmExcludeReferenceLink>
            </servicenow.getRecordById>
            <respond/>
        </inSequence>
        <faultSequence>
        </faultSequence>
    </resource>
</api>