<?xml version="1.0" encoding="UTF-8"?>
<api context="/emailconnector" name="EmailConnector" xmlns="http://ws.apache.org/ns/synapse">
	<resource methods="POST" uri-template="/send">
		<inSequence>
			<email.send configKey="smtpsconnection">
				<from>{json-eval($.from)}</from>
				<to>{json-eval($.to)}</to>
				<subject>{json-eval($.subject)}</subject>
				<inlineImages>[]</inlineImages>
				<content>{json-eval($.content)}</content>
				<contentType>{json-eval($.contentType)}</contentType>
				<encoding>UTF-8</encoding>
				<contentTransferEncoding>Base64
				</contentTransferEncoding>
			</email.send>
			<respond/>
		</inSequence>
		<faultSequence>
		</faultSequence>
	</resource>
	<resource methods="POST" uri-template="/retrieve">
		<inSequence>
			<email.list configKey="imapsconnection">
				<folder>Inbox</folder>
				<deleteAfterRetrieve>false</deleteAfterRetrieve>
				<offset>0</offset>
				<limit>10</limit>
				<subjectRegex>{json-eval($.subjectRegex)}</subjectRegex>
			</email.list>
			<foreach expression="//emails/email" id="">
				<sequence>
					<email.getEmailBody>
						<emailIndex>{//email/index/text()}</emailIndex>
					</email.getEmailBody>
					<payloadFactory media-type="xml" template-type="default">
						<format>
							<email>
								<emailID>$1</emailID>
								<to>$2</to>
								<from>$3</from>
								<subject>$4</subject>
								<textContent>$5</textContent>
							</email>
						</format>
						<args>
							<arg expression="//email/emailID" evaluator="xml"/>
                            <arg expression="//email/to" evaluator="xml"/>
                            <arg expression="//email/from" evaluator="xml"/>
                            <arg expression="//email/subject" evaluator="xml"/>
                            <arg expression="$ctx:TEXT_CONTENT" evaluator="xml"/>
						</args>
					</payloadFactory>
					<property name="messageType" scope="default" type="STRING" value="application/json"/>
				</sequence>
			</foreach>
			<respond/>
		</inSequence>
		<faultSequence>
		</faultSequence>
	</resource>
</api>