<?xml version="1.0" encoding="UTF-8"?>
<sequence name="MessageRoute" trace="disable" xmlns="http://ws.apache.org/ns/synapse">
    <property name="Hospital" scope="default" type="STRING" expression="json-eval($.hospital)" />
    <switch source="get-property('Hospital')">
        <case regex="grand oak community hospital">
            <call>
                <endpoint key="GrandOaksEP" />
            </call>
        </case>
        <case regex="clemency medical center">
            <call>
                <endpoint key="ClemencyEP" />
            </call>
        </case>
        <case regex="pine valley community hospital">
            <call>
                <endpoint key="PineValleyEP" />
            </call>
        </case>
        <default>
            <log category="INFO" level="custom">
                <property name="fault value"
                    expression="fn:concat('Invalid hospital - ', get-property('Hospital'))" />
            </log>
        </default>
    </switch>
</sequence>
