<?xml version="1.0" encoding="UTF-8"?>
<api context="/student" name="college_student_api" xmlns="http://ws.apache.org/ns/synapse">
    <resource methods="POST" url-mapping="/create">
        <inSequence>
            <ldap.addEntry configKey="LDAP_Connection">
                <objectClass>inetOrgPerson</objectClass>
                <attributes>'{
 "mail": "triss@wso2.com",
  "userPassword": "geralt&amp;triss",
  "sn": "dim",
  "cn": "dim",
  "manager": "cn=geralt,ou=Groups,dc=example,dc=com"
}'</attributes>
                <dn>{${payload.dn}}</dn>
                <responseVariable>ldap_addEntry_1</responseVariable>
                <overwriteBody>true</overwriteBody>
            </ldap.addEntry>
            <respond/>
        </inSequence>
        <faultSequence>
        </faultSequence>
    </resource>
    <resource methods="POST" url-mapping="/search">
        <inSequence>
            <ldap.searchEntry configKey="LDAP_Connection">
                <onlyOneReference>false</onlyOneReference>
                <objectClass>inetOrgPerson</objectClass>
                <limit>10</limit>
                <scope></scope>
                <filters>'{
                    "manager": "cn=geralt,ou=Groups,dc=example,dc=com"
                    }'</filters>
                <dn>{${payload.dn}}</dn>
                <attributes>mail,uid</attributes>
                <allowEmptySearchResult>true</allowEmptySearchResult>
                <responseVariable>ldap_searchEntry_1</responseVariable>
                <overwriteBody>true</overwriteBody>
            </ldap.searchEntry>
            <respond/>
        </inSequence>
        <faultSequence>
        </faultSequence>
    </resource>
</api>