<?xml version="1.0" encoding="UTF-8"?>
<localEntry key="in_transform" xmlns="http://ws.apache.org/ns/synapse">
    <xsl:stylesheet xmlns:xsl="http://www.w3.org/1999/XSL/Transform" xmlns:fn="http://www.w3.org/2005/02/xpath-functions" xmlns:m0="http://services.samples" version="2.0" exclude-result-prefixes="m0 fn">
        <xsl:output method="xml" omit-xml-declaration="yes" indent="yes"></xsl:output>
        <xsl:template match="*">
            <xsl:element name="{local-name()}" namespace="http://services.samples">
                <xsl:copy-of select="attribute::*"></xsl:copy-of>
                <xsl:apply-templates></xsl:apply-templates>
            </xsl:element>
        </xsl:template>
    </xsl:stylesheet>
</localEntry>
