<?xml version="1.0" encoding="UTF-8"?>
    <localEntry key="AMAZON_SQS_CONNECTION" xmlns="http://ws.apache.org/ns/synapse">
        <amazonsqs.init>
  <connectionType>amazonsqs</connectionType>
  <name>AMAZON_SQS_CONNECTION</name>
  <accessKeyId>AKIA4JMIDR4X252E7HDO</accessKeyId>
  <secretAccessKey>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</secretAccessKey>
  <region>us-east-1</region>
  <version>2009-02-01</version>
  <blocking>false</blocking>
  <enableSSL>true</enableSSL>
</amazonsqs.init>
    </localEntry>