<?xml version="1.0" encoding="UTF-8"?>
<sequence name="addData" trace="disable" xmlns="http://ws.apache.org/ns/synapse">
    <property expression="json-eval($.spreadsheetId)" name="spreadsheetId" scope="default"
        type="STRING" />
    <googlespreadsheet.init>
        <apiUrl>https://sheets.googleapis.com/v4/spreadsheets</apiUrl>
        <accessToken><!-- access token --></accessToken>
        <clientId><!-- client id --></clientId>
        <clientSecret><!-- client secret --></clientSecret>
        <refreshToken><!-- refresh token --></refreshToken>
    </googlespreadsheet.init>
    <googlespreadsheet.addRowsColumnsData>
        <spreadsheetId>{$ctx:spreadsheetId}</spreadsheetId>
        <range>{$ctx:range}</range>
        <insertDataOption>INSERT_ROWS</insertDataOption>
        <valueInputOption>RAW</valueInputOption>
        <majorDimension>ROWS</majorDimension>
        <values>{$ctx:values}</values>
    </googlespreadsheet.addRowsColumnsData>
</sequence>
