<?xml version="1.0" encoding="UTF-8"?>
<sequence name="createSpreadsheet"  trace="disable"  xmlns="http://ws.apache.org/ns/synapse">
	<googlespreadsheet.init>
        <apiUrl>https://sheets.googleapis.com/v4/spreadsheets</apiUrl>
        <accessToken><!-- access token --></accessToken>
        <clientId><!-- client id --></clientId>
        <clientSecret><!-- client secret --></clientSecret>
        <refreshToken><!-- refresh token --></refreshToken>
    </googlespreadsheet.init>
	<googlespreadsheet.createSpreadsheet>
		<properties>{$ctx:properties}</properties>
		<sheets>{$ctx:sheets}</sheets>
	</googlespreadsheet.createSpreadsheet>

</sequence>
