<?xml version="1.0" encoding="UTF-8"?>
<localEntry key="GmailConnection" xmlns="http://ws.apache.org/ns/synapse">
  <gmail.init>
    <connectionType>GMAIL</connectionType>
    <clientId><!--your client ID --></clientId>
    <clientSecret><!--your client secret --></clientSecret>
    <refreshToken><!--your refresh token --></refreshToken>
    <apiUrl>https://www.googleapis.com/gmail</apiUrl>
    <apiVersion>v1</apiVersion>
    <userId>me</userId>
    <tokenEndpoint>https://oauth2.googleapis.com/token</tokenEndpoint>
    <name>GmailConnection</name>
  </gmail.init>
</localEntry>