<?xml version="1.0" encoding="UTF-8" ?>
<api context="/stockquote" name="StockQuoteAPI" xmlns="http://ws.apache.org/ns/synapse">
    <resource methods="GET" uri-template="/getstockquote/{symbol}">
        <inSequence>
            <payloadFactory media-type="xml" template-type="default">
                <format>
                    <m0:getQuote xmlns:m0="http://services.samples">
                        <m0:request>
                            <m0:symbol>$1</m0:symbol>
                        </m0:request>
                    </m0:getQuote>
                </format>
                <args>
                    <arg evaluator="xml" expression="get-property('uri.var.symbol')"/>
                </args>
            </payloadFactory>
            <header name="Action" action="set" scope="default" value="urn:getQuote"/>
            <call>
                <endpoint key="StockQuoteEP"/>
            </call>
            <enrich description="">
                <source clone="true" type="body"/>
                <target action="replace" type="property" property="ORIGINAL_PAYLOAD"/>
            </enrich>
            <property name="symbol" scope="default" type="STRING" expression="$body/soapenv:Envelope/soapenv:Body/ns:getQuoteResponse/ax21:symbol" xmlns:ax21="http://services.samples/xsd" xmlns:ns="http://services.samples" xmlns:soapenv="http://schemas.xmlsoap.org/soap/envelope/"/>
            <property name="volume" scope="default" type="STRING" expression="$body/soapenv:Envelope/soapenv:Body/ns:getQuoteResponse/ax21:volume" xmlns:ax21="http://services.samples/xsd" xmlns:ns="http://services.samples" xmlns:soapenv="http://schemas.xmlsoap.org/soap/envelope/"/>
            <redis.hSet configKey="REDIS_CONNECTION_1">
                <redisKey>StockVolume</redisKey>
                <redisField>{$ctx:symbol}</redisField>
                <redisValue>{$ctx:volume}</redisValue>
            </redis.hSet>
            <enrich description="">
                <source clone="true" property="ORIGINAL_PAYLOAD" type="property"/>
                <target action="replace" type="body"/>
            </enrich>
            <log category="INFO" level="simple"/>
            <respond/>
        </inSequence>
        <faultSequence>
        </faultSequence>
    </resource>
    <resource methods="GET" uri-template="/getstockvolumedetails">
        <inSequence>
            <redis.hGetAll configKey="REDIS_CONNECTION_1">
                <redisKey>StockVolume</redisKey>
            </redis.hGetAll>
            <respond/>
        </inSequence>
        <faultSequence/>
    </resource>
    <resource methods="POST" uri-template="/deletestockvolumedetails">
        <inSequence>
            <property expression="json-eval($.redisFields)" name="redisFields" scope="default" type="STRING"/>
            <redis.hDel configKey="REDIS_CONNECTION_1">
                <redisKey>StockVolume</redisKey>
                <redisFields>{$ctx:redisFields}</redisFields>
            </redis.hDel>
            <respond/>
        </inSequence>
        <faultSequence/>
    </resource>
</api>
