<?xml version="1.0" encoding="UTF-8"?>
<api context="/jsonplaceholder" name="JsonPlaceHolder" xmlns="http://ws.apache.org/ns/synapse">
    <resource methods="GET" uri-template="/getOnePost/{id}">
        <inSequence>
            <http.get configKey="JsonPlaceHolderConnection">
                <relativePath>/posts/${params.uriParams.id}</relativePath>
                <headers>[]</headers>
                <forceScAccepted>false</forceScAccepted>
                <disableChunking>false</disableChunking>
                <forceHttp10>false</forceHttp10>
                <noKeepAlive>false</noKeepAlive>
                <forcePostPutNobody>false</forcePostPutNobody>
                <forceHttpContentLength>false</forceHttpContentLength>
            </http.get>
            <respond/>
        </inSequence>
        <faultSequence>
        </faultSequence>
    </resource>
    <resource methods="GET" uri-template="/commentsForPost?postId={postId}">
        <inSequence>
            <http.get configKey="JsonPlaceHolderConnection">
                <relativePath>/comments?postId=1</relativePath>
                <headers>[]</headers>
                <forceScAccepted>false</forceScAccepted>
                <disableChunking>false</disableChunking>
                <forceHttp10>false</forceHttp10>
                <noKeepAlive>false</noKeepAlive>
                <forcePostPutNobody>false</forcePostPutNobody>
                <forceHttpContentLength>false</forceHttpContentLength>
            </http.get>
            <respond/>
        </inSequence>
        <faultSequence>
        </faultSequence>
    </resource>
    <resource methods="POST" uri-template="/createPost">
        <inSequence>
            <http.post configKey="JsonPlaceHolderConnection">
                <relativePath>/posts</relativePath>
                <headers>[]</headers>
                <requestBodyType>JSON</requestBodyType>
                <requestBodyJson>{${payload}}</requestBodyJson>
                <forceScAccepted>false</forceScAccepted>
                <disableChunking>false</disableChunking>
                <forceHttp10>false</forceHttp10>
                <noKeepAlive>false</noKeepAlive>
                <forcePostPutNobody>false</forcePostPutNobody>
                <forceHttpContentLength>false</forceHttpContentLength>
            </http.post>
            <respond/>
        </inSequence>
        <faultSequence>
        </faultSequence>
    </resource>
    <resource methods="PUT" uri-template="/replacePost">
        <inSequence>
            <http.put configKey="JsonPlaceHolderConnection">
                <relativePath>/posts/1</relativePath>
                <headers>[]</headers>
                <requestBodyType>JSON</requestBodyType>
                <requestBodyJson>'{
                    &quot;userId&quot;: 1,
                    &quot;id&quot;: 1,
                    &quot;title&quot;: &quot;christmas holiday&quot;,
                    &quot;body&quot;: &quot;christmas holiday is coming&quot;
                    }'</requestBodyJson>
                <forceScAccepted>false</forceScAccepted>
                <disableChunking>false</disableChunking>
                <forceHttp10>false</forceHttp10>
                <noKeepAlive>false</noKeepAlive>
                <forcePostPutNobody>false</forcePostPutNobody>
                <forceHttpContentLength>false</forceHttpContentLength>
            </http.put>
            <respond/>
        </inSequence>
        <faultSequence>
        </faultSequence>
    </resource>
    <resource methods="PATCH" uri-template="/updatePost">
        <inSequence>
        <http.patch configKey="JsonPlaceHolderConnection">
    <relativePath >/posts/1</relativePath>
    <headers >[]</headers>
    <requestBodyType >JSON</requestBodyType>
    <requestBodyJson >{${payload}}</requestBodyJson>
    <forceScAccepted >false</forceScAccepted>
    <disableChunking >false</disableChunking>
    <forceHttp10 >false</forceHttp10>
    <noKeepAlive >false</noKeepAlive>
    <forcePostPutNobody >false</forcePostPutNobody>
    <forceHttpContentLength >false</forceHttpContentLength>
            </http.patch>
            <respond/>
        </inSequence>
        <faultSequence>
        </faultSequence>
    </resource>
    <resource methods="DELETE" uri-template="/deletePost">
        <inSequence>
        <http.delete configKey="JsonPlaceHolderConnection">
    <relativePath >/posts/1</relativePath>
    <headers >[]</headers>
    <forceScAccepted >false</forceScAccepted>
    <disableChunking >false</disableChunking>
    <forceHttp10 >false</forceHttp10>
    <noKeepAlive >false</noKeepAlive>
    <forcePostPutNobody >false</forcePostPutNobody>
    <forceHttpContentLength >false</forceHttpContentLength>
            </http.delete>
        <respond />
</inSequence>
        <faultSequence>
        </faultSequence>
    </resource>
</api>