<?xml version="1.0" encoding="UTF-8"?>
<api xmlns="http://ws.apache.org/ns/synapse" context="/resources" name="amazonDynamoDBAPI">
   <resource methods="POST" url-mapping="/addtable">
      <inSequence>
            <amazondynamodb.createTable configKey="AWS_Con">
                <attributeDefinitions>{${payload.attributeDefinitions}}</attributeDefinitions>
                <tableName>{${payload.tableName}}</tableName>
                <keySchema>{${payload.keySchema}}</keySchema>
                <localSecondaryIndexes>{${payload.localSecondaryIndexes}}</localSecondaryIndexes>
                <globalSecondaryIndexes></globalSecondaryIndexes>
                <StreamSpecification></StreamSpecification>
                <provisionedThroughput>{${payload.provisionedThroughput}}</provisionedThroughput>
                <responseVariable>amazondynamodb_createTable_630</responseVariable>
                <overwriteBody>true</overwriteBody>
            </amazondynamodb.createTable>
            <respond/>
        </inSequence>
        <faultSequence/>
    </resource>
   <resource methods="POST" url-mapping="/insertdetails">
      <inSequence>
         <amazondynamodb.putItem configKey="AWS_Con">
         <item >{${payload.item}}</item>
         <tableName >{${payload.tableName}}</tableName>
         <conditionalOperator ></conditionalOperator>
         <conditionExpression ></conditionExpression>
         <expected ></expected>
         <expressionAttributeNames ></expressionAttributeNames>
         <expressionAttributeValues ></expressionAttributeValues>
         <returnConsumedCapacity ></returnConsumedCapacity>
         <returnItemCollectionMetrics ></returnItemCollectionMetrics>
         <returnValues ></returnValues>
         <responseVariable >amazondynamodb_putItem_997</responseVariable>
         <overwriteBody >true</overwriteBody>
            </amazondynamodb.putItem>
            <respond/>
        </inSequence>
        <faultSequence/>
    </resource>
   <resource methods="POST" url-mapping="/deletedetails">
      <inSequence>
            <amazondynamodb.deleteItem configKey="AWS_Con">
                <key>{${payload.key}}</key>
                <tableName>{${payload.tableName}}</tableName>
                <conditionalOperator></conditionalOperator>
                <conditionExpression></conditionExpression>
                <expected></expected>
                <expressionAttributeNames></expressionAttributeNames>
                <expressionAttributeValues></expressionAttributeValues>
                <returnConsumedCapacity>TOTAL</returnConsumedCapacity>
                <returnItemCollectionMetrics></returnItemCollectionMetrics>
                <returnValues>ALL_OLD</returnValues>
                <responseVariable>amazondynamodb_deleteItem_1</responseVariable>
                <overwriteBody>true</overwriteBody>
            </amazondynamodb.deleteItem>

            <respond/>
        </inSequence>
        <faultSequence/>
    </resource>
   <resource methods="POST" url-mapping="/listdetails">
      <inSequence>
            <amazondynamodb.getItem configKey="AWS_Con">
                <key>{${payload.key}}</key>
                <tableName>{${payload.tableName}}</tableName>
                <attributesToGet></attributesToGet>
                <consistentRead></consistentRead>
                <expressionAttributeNames></expressionAttributeNames>
                <projectionExpression></projectionExpression>
                <returnConsumedCapacity></returnConsumedCapacity>
                <responseVariable>amazondynamodb_getItem_1</responseVariable>
                <overwriteBody>true</overwriteBody>
            </amazondynamodb.getItem>
            <respond/>
        </inSequence>
        <faultSequence/>
    </resource>
   <resource methods="POST" url-mapping="/listtable">
      <inSequence>
            <amazondynamodb.listTables configKey="AWS_Con">
                <exclusiveStartTableName>{${payload.exclusiveStartTableName}}</exclusiveStartTableName>
                <limit>{${payload.limit}}</limit>
                <responseVariable>amazondynamodb_listTables_1</responseVariable>
                <overwriteBody>true</overwriteBody>
            </amazondynamodb.listTables>
            <respond/>
        </inSequence>
        <faultSequence/>
    </resource>
   <resource methods="POST" url-mapping="/updatetable">
      <inSequence>
            <amazondynamodb.updateTable configKey="AWS_Con">
                <tableName>{${payload.tableName}}</tableName>
                <attributeDefinitions></attributeDefinitions>
                <globalSecondaryIndexUpdates></globalSecondaryIndexUpdates>
                <StreamSpecification></StreamSpecification>
                <provisionedThroughput>{${payload.provisionedThroughput}}</provisionedThroughput>
                <responseVariable>amazondynamodb_updateTable_1</responseVariable>
                <overwriteBody>true</overwriteBody>
            </amazondynamodb.updateTable>
            <respond/>
        </inSequence>
        <faultSequence/>
    </resource>
   <resource methods="POST" url-mapping="/deletetable">
      <inSequence>
         <amazondynamodb.deleteTable configKey="AWS_Con">
            <tableName >{${payload.tableName}}</tableName>
            <responseVariable >amazondynamodb_deleteTable_237</responseVariable>
            <overwriteBody >true</overwriteBody>
            </amazondynamodb.deleteTable>
            <respond/>
        </inSequence>
        <faultSequence/>
    </resource>
</api>
