<?xml version="1.0" encoding="UTF-8"?>
<localEntry key="GoogleSheet" xmlns="http://ws.apache.org/ns/synapse">
  <googlespreadsheet.init>
    <connectionType>GOOGLESPREADSHEET</connectionType>
    <clientId><!-- client id --></clientId>
    <clientSecret><!-- client secret --></clientSecret>
    <refreshToken><!-- refresh token --></refreshToken>
    <apiUrl>https://sheets.googleapis.com/v4/spreadsheets</apiUrl>
    <tokenEndpoint>https://oauth2.googleapis.com/token</tokenEndpoint>
    <name>GoogleSheet</name>
  </googlespreadsheet.init>
</localEntry>