<?xml version="1.0" encoding="ISO-8859-1"?>
      <sequence xmlns="http://ws.apache.org/ns/synapse" name="kafka_process_seq">
         <log level="full"/>
         <log level="custom">
            <property xmlns:ns="http://org.apache.synapse/xsd" name="partitionNo" expression="get-property('partitionNo')"/>
         </log>
         <log level="custom">
            <property xmlns:ns="http://org.apache.synapse/xsd" name="messageValue" expression="get-property('messageValue')"/>
         </log>
         <log level="custom">
            <property xmlns:ns="http://org.apache.synapse/xsd" name="offset" expression="get-property('offset')"/>
         </log>
      </sequence>