<?xml version="1.0" encoding="UTF-8"?>
<sequence name="jsonInTransformSeq" trace="disable" xmlns="http://ws.apache.org/ns/synapse">
	<log level="custom">
		<property name="message_before_transformation" expression="." />
	</log>
	<xslt key="in_transform">
	</xslt>
	<property name="messageType" scope="axis2" type="STRING" value="application/xml" />
	<log level="custom">
		<property name="message_after_transformation" expression="." />
	</log>
	<property name="TRANSFORMATION" scope="default" type="STRING" value="JSONtoSOAP" />
	<enrich>
		<source clone="true" type="custom" xpath="//m0:getQuote" xmlns:m0="http://services.samples"
			xmlns:ns="http://org.apache.synapse/xsd" />
		<target action="replace" type="body" />
	</enrich>
	<header name="Action" scope="default" value="urn:getQuote" />
	<sequence key="sendSeq" />
</sequence>
