<?xml version="1.0" encoding="UTF-8"?>
<sequence xmlns="http://ws.apache.org/ns/synapse" name="request" onError="fault">
   <log level="custom">
      <property xmlns:ns="http://org.apache.synapse/xsd"
                name="MessageId"
                expression="get-property('SMPP_MessageId')"/>
      <property xmlns:ns="http://org.apache.synapse/xsd"
                name="SourceAddress"
                expression="get-property('SMPP_SourceAddress')"/>
      <property xmlns:ns="http://org.apache.synapse/xsd"
                name="DataCoding"
                expression="get-property('SMPP_DataCoding')"/>
      <property xmlns:ns="http://org.apache.synapse/xsd"
                name="ScheduleDeliveryTime"
                expression="get-property('SMPP_ScheduleDeliveryTime')"/>
      <property xmlns:ns="http://org.apache.synapse/xsd"
                name="SequenceNumber"
                expression="get-property('SMPP_SequenceNumber')"/>
      <property xmlns:ns="http://org.apache.synapse/xsd"
                name="ServiceType"
                expression="get-property('SMPP_ServiceType')"/>
   </log>
   <log level="full"/>
</sequence>
