<?xml version="1.0" encoding="UTF-8"?>
<endpoint name="SimpleStockQuoteService" xmlns="http://ws.apache.org/ns/synapse">
	<address uri="http://localhost:9000/services/SimpleStockQuoteService">
		<timeout>
			<duration>3000</duration>
            <responseAction>fault</responseAction>
		</timeout>
		<suspendOnFailure>
			<initialDuration>-1</initialDuration>
			<progressionFactor>1</progressionFactor>
		</suspendOnFailure>
		<markForSuspension>
			<retriesBeforeSuspension>0</retriesBeforeSuspension>
		</markForSuspension>
	</address>
</endpoint>
