<?xml version="1.0" encoding="UTF-8"?>
<api context="/s3connector" name="S3ConnectorTestAPI" xmlns="http://ws.apache.org/ns/synapse">
    <resource methods="PUT" uri-template="/createbucket">
        <inSequence>
            <amazons3.createBucket configKey="s3Connection">
                <bucketName>{${payload.bucketName}}</bucketName>
                <bucketRegion>us-west-1</bucketRegion>
                <acl></acl>
                <grantFullControl></grantFullControl>
                <grantRead></grantRead>
                <grantReadACP></grantReadACP>
                <grantWrite></grantWrite>
                <grantWriteACP></grantWriteACP>
                <objectLockEnabledForBucket></objectLockEnabledForBucket>
                <responseVariable>amazons3_createBucket_1</responseVariable>
                <overwriteBody>true</overwriteBody>
            </amazons3.createBucket>
            <respond/>
        </inSequence>
        <faultSequence>
        </faultSequence>
    </resource>
    <resource methods="POST" uri-template="/addobject">
        <inSequence>
            <amazons3.putObject configKey="s3Connection">
                <bucketName>{${payload.bucketName}}</bucketName>
                <objectKey>{${payload.objectKey}}</objectKey>
                <filePath></filePath>
                <fileContent>{${payload.message}}</fileContent>
                <isContentBase64Encoded>false</isContentBase64Encoded>
                <acl></acl>
                <cacheControl></cacheControl>
                <contentDisposition></contentDisposition>
                <contentEncoding></contentEncoding>
                <contentLanguage></contentLanguage>
                <contentType></contentType>
                <contentMD5></contentMD5>
                <expires></expires>
                <grantFullControl></grantFullControl>
                <grantRead></grantRead>
                <grantReadACP></grantReadACP>
                <grantWriteACP></grantWriteACP>
                <metadata></metadata>
                <serverSideEncryption></serverSideEncryption>
                <storageClass></storageClass>
                <websiteRedirectLocation></websiteRedirectLocation>
                <sseCustomerAlgorithm></sseCustomerAlgorithm>
                <sseCustomerKey></sseCustomerKey>
                <sseCustomerKeyMD5></sseCustomerKeyMD5>
                <ssekmsKeyId></ssekmsKeyId>
                <ssekmsEncryptionContext></ssekmsEncryptionContext>
                <requestPayer></requestPayer>
                <tagging></tagging>
                <objectLockMode></objectLockMode>
                <objectLockRetainUntilDate></objectLockRetainUntilDate>
                <objectLockLegalHoldStatus></objectLockLegalHoldStatus>
                <responseVariable>amazons3_putObject_1</responseVariable>
                <overwriteBody>true</overwriteBody>
            </amazons3.putObject>

            <respond/>
        </inSequence>
        <faultSequence>
        </faultSequence>
    </resource>
    <resource methods="POST" uri-template="/info">
        <inSequence>
            <amazons3.getObject configKey="s3Connection">
                <bucketName>{${payload.bucketName}}</bucketName>
                <objectKey>{${payload.objectKey}}</objectKey>
                <responseContentType></responseContentType>
                <responseContentLanguage></responseContentLanguage>
                <responseCacheControl></responseCacheControl>
                <responseContentDisposition></responseContentDisposition>
                <responseContentEncoding></responseContentEncoding>
                <responseExpires></responseExpires>
                <range></range>
                <ifModifiedSince></ifModifiedSince>
                <ifUnmodifiedSince></ifUnmodifiedSince>
                <ifMatch></ifMatch>
                <ifNoneMatch></ifNoneMatch>
                <versionId></versionId>
                <sseCustomerAlgorithm></sseCustomerAlgorithm>
                <sseCustomerKey></sseCustomerKey>
                <sseCustomerKeyMD5></sseCustomerKeyMD5>
                <requestPayer></requestPayer>
                <partNumber></partNumber>
                <destinationFilePath></destinationFilePath>
                <getContentAsBase64></getContentAsBase64>
                <responseVariable>amazons3_getObject_1</responseVariable>
                <overwriteBody>true</overwriteBody>
            </amazons3.getObject>

            <respond/>
        </inSequence>
        <faultSequence>
        </faultSequence>
    </resource>
</api>