<?xml version="1.0" encoding="UTF-8"?>
<api context="/sqs" name="SQSAPI" xmlns="http://ws.apache.org/ns/synapse">
    <resource methods="POST" uri-template="/createQueue">
        <inSequence>
            <amazonsqs.createQueue configKey="sqsConnection">
                <queueName>{${payload.queueName}}</queueName>
                <attributeEntries></attributeEntries>
                <tags></tags>
                <apiCallTimeout></apiCallTimeout>
                <apiCallAttemptTimeout></apiCallAttemptTimeout>
                <responseVariable>amazonsqs_createQueue_1</responseVariable>
                <overwriteBody>true</overwriteBody>
            </amazonsqs.createQueue>
            <respond/>
        </inSequence>
        <faultSequence>
        </faultSequence>
    </resource>
    <resource methods="POST" uri-template="/sendMessage">
        <inSequence>
            <amazonsqs.sendMessage configKey="sqsConnection">
                <queueUrl>{${payload.queueUrl}}</queueUrl>
                <delaySeconds></delaySeconds>
                <messageAttributes></messageAttributes>
                <messageBody>{${payload.message}}</messageBody>
                <messageGroupId></messageGroupId>
                <messageDeduplicationId></messageDeduplicationId>
                <messageSystemAttributes></messageSystemAttributes>
                <apiCallTimeout></apiCallTimeout>
                <apiCallAttemptTimeout></apiCallAttemptTimeout>
                <responseVariable>amazonsqs_sendMessage_1</responseVariable>
                <overwriteBody>true</overwriteBody>
            </amazonsqs.sendMessage>
            <respond/>
        </inSequence>
        <faultSequence>
        </faultSequence>
    </resource>
</api>