<?xml version="1.0" encoding="UTF-8"?>
<api context="/sqs" name="SQSAPI" xmlns="http://ws.apache.org/ns/synapse">
    <resource methods="POST" uri-template="/sendToQueue">
        <inSequence>
			<property expression="json-eval($.queueName)" name="queueName" scope="default" type="STRING" />
			<sequence key="buildMessage" />
			<sequence key="createQueue" />
			<sequence key="sendMessage" />
			<sequence key="ReceiveAndForwardMessage" />
			<respond />
		</inSequence>
        <faultSequence/>
    </resource>
</api>
