<?xml version="1.0" encoding="UTF-8"?>
<api context="/fileConnector" name="TestAPI" xmlns="http://ws.apache.org/ns/synapse">
    <resource methods="POST" uri-template="/create">
        <inSequence>
            <log>
                <property name="VALUE" value="API Called"/>
            </log>
            <datamapper config="gov:datamapper/xmlToCsvConfig.dmc" inputSchema="gov:datamapper/xmlToCsvConfig_inputSchema.json" inputType="XML" outputSchema="gov:datamapper/xmlToCsvConfig_outputSchema.json" outputType="CSV" xsltStyleSheet="gov:datamapper/xmlToCsvConfig_xsltStyleSheet.xml"/>
            <enrich description="save payload">
                <source clone="true" type="body"/>
                <target property="CONTENT" type="property"/>
            </enrich>
            <file.checkExist configKey="myLocalFileConnection">
                <path>/dataCollection/employees/employees.csv</path>
                <includeResultTo>Message Body</includeResultTo>
            </file.checkExist>
            <filter regex="true" source="//checkExistResult/fileExists/text()">
                <then/>
                <else>
                    <log description="log">
                        <property name="Log" value="File not found"/>
                    </log>
                    <file.write configKey="myLocalFileConnection">
                        <filePath>/dataCollection/employees/employees.csv</filePath>
                        <contentOrExpression>Name,Age,Company</contentOrExpression>
                        <compress>false</compress>
                        <writeMode>Create New</writeMode>
                        <enableStreaming>false</enableStreaming>
                        <enableLock>false</enableLock>
                        <includeResultTo>Message Body</includeResultTo>
                        <updateLastModified>true</updateLastModified>
                    </file.write>
                </else>
            </filter>
            <enrich description="put back saved payload">
                <source clone="true" property="CONTENT" type="property"/>
                <target type="body"/>
            </enrich>
            <file.write configKey="myLocalFileConnection">
                <filePath>/dataCollection/employees/employees.csv</filePath>
                <mimeType>Automatic</mimeType>
                <writeMode>Append</writeMode>
                <appendPosition>2</appendPosition>
                <enableStreaming>false</enableStreaming>
                <appendNewLine>true</appendNewLine>
                <enableLock>false</enableLock>
                <includeResultTo>Message Body</includeResultTo>
                <updateLastModified>true</updateLastModified>
            </file.write>
            <file.read configKey="myLocalFileConnection">
                <path>/dataCollection/employees/employees.csv</path>
                <readMode>Starting From Line</readMode>
                <startLineNum>2</startLineNum>
                <lineNum>0</lineNum>
                <contentType>text/plain</contentType>
                <includeResultTo>Message Body</includeResultTo>
                <enableStreaming>false</enableStreaming>
                <enableLock>false</enableLock>
            </file.read>
            <datamapper config="gov:datamapper/csvToXmlConfig.dmc" inputSchema="gov:datamapper/csvToXmlConfig_inputSchema.json" inputType="CSV" outputSchema="gov:datamapper/csvToXmlConfig_outputSchema.json" outputType="XML" xsltStyleSheet="gov:datamapper/csvToXmlConfig_xsltStyleSheet.xml"/>
            <respond/>
        </inSequence>
        <outSequence/>
        <faultSequence>
            <sequence key="FileConnectorFaultSeq"/>
        </faultSequence>
    </resource>
</api>
