<?xml version="1.0" encoding="UTF-8"?>
<sequence name="reply" trace="disable" xmlns="http://ws.apache.org/ns/synapse">
    <property expression="json-eval($.id)" name="msgId" scope="default" type="STRING"/>
    <gmail.getAccessTokenFromRefreshToken/>
    <gmail.readMail>
        <id>{$ctx:id}</id>
    </gmail.readMail>
    <property expression="json-eval($.payload.headers[6].value)" name="response" scope="default" type="STRING"/>
    <log level="custom">
        <property expression="get-property('response')" name="response1"/>
    </log>
    <gmail.getAccessTokenFromRefreshToken/>
    <gmail.sendMail>
        <to>asd@gmail.com</to>
        <subject>Best of Europe - 6 Countries in 9 Days</subject>
        <from>isurumuy@gmail.com</from>
        <messageBody>Thank you for your valuable feedback.</messageBody>
    </gmail.sendMail>
</sequence>