<?xml version="1.0" encoding="UTF-8"?>
<api context="/servicenow" name="ServiceNowAPI" xmlns="http://ws.apache.org/ns/synapse">
	<resource methods="POST" uri-template="/postRecord">
		<inSequence>
			<property name="shortDescription" scope="default" type="STRING" expression="json-eval($.shortDescription)"/>
			<property name="contactType" scope="default" type="STRING" expression="json-eval($.contactType)"/>
			<sequence key="PostRecord"/>
			<respond/>
		</inSequence>
		<faultSequence>
		</faultSequence>
	</resource>
	<resource methods="POST" uri-template="/readRecord">
		<inSequence>
			<property expression="json-eval($.sysId)" name="sysId" scope="default" type="STRING"/>
			<sequence key="ReadRecord"/>
			<respond/>
		</inSequence>
		<faultSequence/>
	</resource>
</api>