<?xml version="1.0" encoding="UTF-8"?>
    <localEntry key="SalesforceBulkConnection" xmlns="http://ws.apache.org/ns/synapse">
        <salesforcebulk.init>
            <connectionType>init</connectionType>
            <name>SalesforceBulkConnection</name>
            <apiUrl></apiUrl>
            <accessToken></accessToken>
            <apiVersion>34</apiVersion>
            <refreshToken></refreshToken>
            <clientSecret></clientSecret>
            <clientId></clientId>
        </salesforcebulk.init>
    </localEntry>