<?xml version="1.0" encoding="UTF-8"?>
<sequence name="ReceiveAndForwardMessage" trace="disable" xmlns="http://ws.apache.org/ns/synapse">
    <amazonsqs.receiveMessage configKey="AMAZON_SQS_CONNECTION">
        <maxNumberOfMessages>5</maxNumberOfMessages>
        <queueId>{$ctx:queueId}</queueId>
        <queueName>{$ctx:queueName}</queueName>
    </amazonsqs.receiveMessage>

    <property xmlns:m0="http://services.samples" name="messageBody" expression="$body//m0:getQuote"/>

    <payloadFactory media-type="xml">
        <format>
            <soapenv:Envelope xmlns:soapenv="http://www.w3.org/2003/05/soap-envelope">
                <soapenv:Body>$1</soapenv:Body>
            </soapenv:Envelope>
        </format>
        <args>
            <arg evaluator="xml" expression="$ctx:messageBody"/>
        </args>
    </payloadFactory>

    <header name="Action" scope="default" value="urn:getQuote"/>

    <call>
        <endpoint key="SimpleStockQuote"/>
    </call>
</sequence>