<?xml version="1.0" encoding="UTF-8"?>
<api context="/sendiso" name="SendisoTestAPI" xmlns="http://ws.apache.org/ns/synapse">
	<resource methods="POST" uri-template="/">
		<inSequence>
            <log>
				<property name="status" value="Sending_an_ISO8583_Messsage" />
			</log>
			<iso8583.init>
				<serverHost>localhost</serverHost>
				<serverPort>5010</serverPort>
			</iso8583.init>
			<iso8583.sendMessage />
			<respond />
		</inSequence>
		<faultSequence>
		</faultSequence>
	</resource>
</api>
