<?xml version="1.0" encoding="UTF-8"?>
<inboundEndpoint name="RabbitMQInboundEP" class="org.wso2.carbon.inbound.rabbitmq.RabbitMQListener" sequence="successSeq" onError="errorSeq" suspend="false">
    <parameters xmlns="http://ws.apache.org/ns/synapse">
        <parameter name="inbound.behavior">eventBased</parameter>
        <parameter name="sequential">true</parameter>
        <parameter name="coordination">true</parameter>
        <parameter name="rabbitmq.server.host.name">localhost</parameter>
        <parameter name="rabbitmq.server.port">5672</parameter>
        <parameter name="rabbitmq.queue.name">notification-queue</parameter>
        <parameter name="rabbitmq.queue.type">QUORUM</parameter>
        <parameter name="rabbitmq.queue.auto.declare">true</parameter>
        <parameter name="rabbitmq.exchange.name">notification-exchange</parameter>
        <parameter name="rabbitmq.exchange.type">DIRECT</parameter>
        <parameter name="rabbitmq.exchange.auto.declare">true</parameter>
        <parameter name="rabbitmq.routing.key">notification-routing-key</parameter>
        <parameter name="rabbitmq.connection.sasl.mechanism">PLAIN</parameter>
        <parameter name="rabbitmq.connection.oauth2.enabled">false</parameter>
        <parameter name="rabbitmq.server.user.name">guest</parameter>
        <parameter name="rabbitmq.server.password">guest</parameter>
        <parameter name="rabbitmq.connection.idle.timeout">60000</parameter>
        <parameter name="rabbitmq.connection.recovery.policy.type">FIXED_WITH_INITIAL_DELAY_AND_TIMEOUT</parameter>
        <parameter name="rabbitmq.queue.auto.delete">false</parameter>
        <parameter name="rabbitmq.exchange.auto.delete">false</parameter>
        <parameter name="rabbitmq.stream.filter.match.unfiltered">false</parameter>
        <parameter name="rabbitmq.stream.offset.starting.strategy">NEXT</parameter>
        <parameter name="rabbitmq.stream.offset.tracker.flush.interval">10</parameter>
        <parameter name="rabbitmq.stream.offset.tracker.shutdown.timeout">5</parameter>
        <parameter name="rabbitmq.connection.ssl.enabled">false</parameter>
        <parameter name="rabbitmq.dead.letter.queue.type">CLASSIC</parameter>
        <parameter name="rabbitmq.dead.letter.queue.auto.declare">false</parameter>
        <parameter name="rabbitmq.dead.letter.exchange.type">DIRECT</parameter>
        <parameter name="rabbitmq.dead.letter.exchange.auto.declare">false</parameter>
        <parameter name="rabbitmq.throttle.enabled">false</parameter>
        <parameter name="rabbitmq.throttle.mode">BATCH</parameter>
        <parameter name="rabbitmq.throttle.timeUnit">MINUTE</parameter>
        <parameter name="rabbitmq.queue.overflow.strategy">DROP_HEAD</parameter>
        <parameter name="rabbitmq.auto.ack.enabled">false</parameter>
        <parameter name="rabbitmq.ack.wait.time">180000</parameter>
        <parameter name="rabbitmq.concurrent.consumers.count">1</parameter>
        <parameter name="rabbitmq.message.receiver.thread.pool.size">1</parameter>
        <parameter name="rabbitmq.consumer.initial.credit">1</parameter>
    </parameters>
</inboundEndpoint>