<?xml version="1.0" encoding="UTF-8"?>
<api context="/resources" name="MSAzureStorage" xmlns="http://ws.apache.org/ns/synapse">
    <resource methods="POST" url-mapping="/createcontainer">
        <inSequence>
            <property expression="json-eval($.accountName)" name="accountName" scope="default" type="STRING"/>
            <property expression="json-eval($.accountKey)" name="accountKey" scope="default" type="STRING"/>
            <property expression="json-eval($.containerName)" name="containerName" scope="default" type="STRING"/>
            <msazurestorage.init>
                <accountName><!-- account name --></accountName>
                <accountKey><!-- account key --></accountKey>
            </msazurestorage.init>
            <msazurestorage.createContainer>
                <containerName>{$ctx:containerName}</containerName>
            </msazurestorage.createContainer>
            <log level="full">
                <property name="Container created" value="Container created"/>
            </log>
            <respond/>
        </inSequence>
        <outSequence/>
        <faultSequence/>
    </resource>
    <resource methods="POST" url-mapping="/listcontainer">
        <inSequence>
            <property expression="json-eval($.accountName)" name="accountName" scope="default" type="STRING"/>
            <property expression="json-eval($.accountKey)" name="accountKey" scope="default" type="STRING"/>
            <msazurestorage.init>
                <accountName><!-- account name --></accountName>
                <accountKey><!-- account key --></accountKey>
            </msazurestorage.init>
            <msazurestorage.listContainers/>
            <log level="full">
                <property name="List containers" value="List containers"/>
            </log>
            <respond/>
        </inSequence>
        <outSequence/>
        <faultSequence/>
    </resource>
    <resource methods="POST" url-mapping="/adddetails">
        <inSequence>
            <property expression="json-eval($.accountName)" name="accountName" scope="default" type="STRING"/>
            <property expression="json-eval($.accountKey)" name="accountKey" scope="default" type="STRING"/>
            <property expression="json-eval($.containerName)" name="containerName" scope="default" type="STRING"/>
            <property expression="json-eval($.fileName)" name="fileName" scope="default" type="STRING"/>
            <property expression="json-eval($.filePath)" name="filePath" scope="default" type="STRING"/>
            <msazurestorage.init>
                <accountName><!-- account name --></accountName>
                <accountKey><!-- account key --></accountKey>
            </msazurestorage.init>
            <msazurestorage.uploadBlob>
                <containerName>{$ctx:containerName}</containerName>
                <filePath>{$ctx:filePath}</filePath>
                <fileName>{$ctx:fileName}</fileName>
            </msazurestorage.uploadBlob>
            <log level="full">
                <property name="Uploaded emplyee details" value="Uploaded emplyee details"/>
            </log>
            <respond/>
        </inSequence>
        <outSequence/>
        <faultSequence/>
    </resource>
    <resource methods="POST" url-mapping="/listdetails">
        <inSequence>
            <property expression="json-eval($.accountName)" name="accountName" scope="default" type="STRING"/>
            <property expression="json-eval($.accountKey)" name="accountKey" scope="default" type="STRING"/>
            <property expression="json-eval($.containerName)" name="containerName" scope="default" type="STRING"/>
            <msazurestorage.init>
                <accountName><!-- account name --></accountName>
                <accountKey><!-- account key --></accountKey>
            </msazurestorage.init>
            <msazurestorage.listBlobs>
                <containerName>{$ctx:containerName}</containerName>
            </msazurestorage.listBlobs>
            <log level="full">
                <property name="List uploaded emplyee details" value="List uploaded emplyee details"/>
            </log>
            <respond/>
        </inSequence>
        <outSequence/>
        <faultSequence/>
    </resource>
    <resource methods="POST" url-mapping="/deletedetails">
        <inSequence>
            <property expression="json-eval($.accountName)" name="accountName" scope="default" type="STRING"/>
            <property expression="json-eval($.accountKey)" name="accountKey" scope="default" type="STRING"/>
            <property expression="json-eval($.containerName)" name="containerName" scope="default" type="STRING"/>
            <property expression="json-eval($.fileName)" name="fileName" scope="default" type="STRING"/>
            <msazurestorage.init>
                <accountName><!-- account name --></accountName>
                <accountKey><!-- account key --></accountKey>
            </msazurestorage.init>
            <msazurestorage.deleteBlob>
                <containerName>{$ctx:containerName}</containerName>
                <fileName>{$ctx:fileName}</fileName>
            </msazurestorage.deleteBlob>
            <log level="full">
                <property name="Delete selected employee details" value="Delete selected employee details"/>
            </log>
            <respond/>
        </inSequence>
        <outSequence/>
        <faultSequence/>
    </resource>
    <resource methods="POST" url-mapping="/deletecontainer">
        <inSequence>
            <property expression="json-eval($.accountName)" name="accountName" scope="default" type="STRING"/>
            <property expression="json-eval($.accountKey)" name="accountKey" scope="default" type="STRING"/>
            <property expression="json-eval($.containerName)" name="containerName" scope="default" type="STRING"/>
            <msazurestorage.init>
                <accountName><!-- account name --></accountName>
                <accountKey><!-- account key --></accountKey>
            </msazurestorage.init>
            <msazurestorage.deleteContainer>
                <containerName>{$ctx:containerName}</containerName>
            </msazurestorage.deleteContainer>
            <log level="full">
                <property name="Delete selected container" value="Delete selected container"/>
            </log>
            <respond/>
        </inSequence>
        <outSequence/>
        <faultSequence/>
    </resource>
</api>
