<?xml version="1.0" encoding="UTF-8"?>
<artifacts>
  <artifact name="ConfigA" groupId="com.microintegrator.projects" version="1.0.0" type="registry/resource" serverRole="EnterpriseIntegrator">
    <item>
      <file>ConfigA.xml</file>
      <path>/_system/governance/</path>
      <mediaType>application/vnd.wso2.sequence</mediaType>
      <properties></properties>
    </item>
  </artifact>
  <artifact name="ConfigB" groupId="com.microintegrator.projects" version="1.0.0" type="registry/resource" serverRole="EnterpriseIntegrator">
    <item>
      <file>ConfigB.xml</file>
      <path>/_system/governance/</path>
      <mediaType>application/vnd.wso2.sequence</mediaType>
      <properties></properties>
    </item>
  </artifact>
  <artifact name="ConfigC" groupId="com.microintegrator.projects" version="1.0.0" type="registry/resource" serverRole="EnterpriseIntegrator">
    <item>
      <file>ConfigC.xml</file>
      <path>/_system/governance/</path>
      <mediaType>application/vnd.wso2.sequence</mediaType>
      <properties/>
    </item>
  </artifact>
</artifacts>
