<?xml version="1.0" encoding="UTF-8"?>
<api context="/resources" name="pubsubApi" xmlns="http://ws.apache.org/ns/synapse">
	<resource methods="POST" uri-template="/createTopic">
		<inSequence>
			<property name="topicName" scope="default" type="STRING"
				expression="json-eval($.topicName)" />
			<property name="subscriptionName" scope="default" type="STRING"
				expression="json-eval($.subscriptionName)" />
			<log category="INFO" level="simple">
				<property name="topicName" expression="get-property('topicName')" />
				<property name="subscriptionName" expression="get-property('subscriptionName')" />
			</log>
			<googlepubsub.init>
				<accessToken><!-- access token --></accessToken>
                <apiUrl>https://pubsub.googleapis.com</apiUrl>
                <apiVersion>v1</apiVersion>
            </googlepubsub.init>
			<log category="INFO" level="custom">
				<property name="value" value="initialized" />
			</log>
			<googlepubsub.createTopic>
				<projectId>mitest</projectId>
				<topicName>{$ctx:topicName}</topicName>
			</googlepubsub.createTopic>
			<log category="INFO" level="custom">
				<property name="topic" value="created topic" />
			</log>
			<respond/>
		</inSequence>
		<faultSequence>
		</faultSequence>
	</resource>
	<resource methods="POST" uri-template="/insertcompanynotifications">
		<inSequence>
			<property name="topicName" scope="default" type="STRING"
				expression="json-eval($.topicName)" />
			<property name="data" scope="default" type="STRING" expression="json-eval($.data)" />
			<googlepubsub.init>
                <accessToken><!-- access token --></accessToken>
                <apiUrl>https://pubsub.googleapis.com</apiUrl>
                <apiVersion>v1</apiVersion>
            </googlepubsub.init>
			<googlepubsub.publishMessage>
				<projectId>mitest</projectId>
				<topicName>{$ctx:topicName}</topicName>
				<data>{$ctx:data}</data>
			</googlepubsub.publishMessage>
		</inSequence>
		<faultSequence>
		</faultSequence>
	</resource>
	<resource methods="POST" uri-template="/getcompanynotifications">
		<inSequence>
			<property name="subscriptionName" scope="default" type="STRING"
				expression="json-eval($.subscriptionName)" />
			<googlepubsub.init>
                <accessToken><!-- access token --></accessToken>
                <apiUrl>https://pubsub.googleapis.com</apiUrl>
                <apiVersion>v1</apiVersion>
            </googlepubsub.init>
			<googlepubsub.pullMessage>
				<projectId>mitest</projectId>
				<subscriptionName>{$ctx:subscriptionName}</subscriptionName>
				<maxMessages>2</maxMessages>
				<returnImmediately>false</returnImmediately>
			</googlepubsub.pullMessage>
			<respond />
		</inSequence>
		<faultSequence>
		</faultSequence>
	</resource>
</api>
