{
  "id": "http:\/\/wso2jsonschema.org",
  "title": "ChangeMessageVisibilityBatchResponse",
  "$schema": "http:\/\/wso2.org\/json-schema\/wso2-data-mapper-v5.0.0\/schema#",
  "properties": {
    "ChangeMessageVisibilityBatchResult": {
      "id": "http:\/\/wso2jsonschema.org\/ChangeMessageVisibilityBatchResult",
      "type": "object",
      "properties": {
        "BatchResultErrorEntry": {
          "id": "http:\/\/wso2jsonschema.org\/ChangeMessageVisibilityBatchResult\/BatchResultErrorEntry",
          "type": "array",
          "items": [
            {
              "id": "http:\/\/wso2jsonschema.org\/ChangeMessageVisibilityBatchResult\/BatchResultErrorEntry\/0",
              "type": "object",
              "properties": {
                "Id": {
                  "id": "http:\/\/wso2jsonschema.org\/ChangeMessageVisibilityBatchResult\/BatchResultErrorEntry\/0\/Id",
                  "type": "string"
                },
                "Message": {
                  "id": "http:\/\/wso2jsonschema.org\/ChangeMessageVisibilityBatchResult\/BatchResultErrorEntry\/0\/Message",
                  "type": "string"
                },
                "SenderFault": {
                  "id": "http:\/\/wso2jsonschema.org\/ChangeMessageVisibilityBatchResult\/BatchResultErrorEntry\/0\/SenderFault",
                  "type": "boolean"
                },
                "Code": {
                  "id": "http:\/\/wso2jsonschema.org\/ChangeMessageVisibilityBatchResult\/BatchResultErrorEntry\/0\/Code",
                  "type": "string"
                }
              }
            }
          ]
        }
      }
    },
    "ResponseMetadata": {
      "id": "http:\/\/wso2jsonschema.org\/ResponseMetadata",
      "type": "object",
      "properties": {
        "RequestId": {
          "id": "http:\/\/wso2jsonschema.org\/ResponseMetadata\/RequestId",
          "type": "string"
        }
      }
    }
  },
  "type": "object",
  "namespaces": [
    {
      "prefix": "axis2ns3",
      "url": "http:\/\/queue.amazonaws.com\/doc\/2012-11-05\/"
    }
  ]
}