<?xml version="1.0" encoding="UTF-8"?>
<localEntry key="selective_criteria" xmlns="http://ws.apache.org/ns/synapse">
    <xs:schema xmlns:xs="http://www.w3.org/2001/XMLSchema" xmlns="http://www.apache-synapse.org/test" elementFormDefault="qualified" attributeFormDefault="unqualified" targetNamespace="http://services.samples">
        <xs:element name="getQuote">
            <xs:complexType>
                <xs:sequence>
                    <xs:element name="request">
                        <xs:complexType>
                            <xs:sequence>
                                <xs:element name="symbol" type="xs:string"></xs:element>
                            </xs:sequence>
                        </xs:complexType>
                    </xs:element>
                </xs:sequence>
            </xs:complexType>
        </xs:element>
    </xs:schema>
</localEntry>
