<?xml version="1.0" encoding="UTF-8"?>
<api context="/createfunction" name="createFunction" xmlns="http://ws.apache.org/ns/synapse">
    <resource methods="POST" uri-template="/">
        <inSequence>
            <amazonlambda.createFunction configKey="AMAZON_LAMBDA_CONNECTION">
                <functionName>{${payload.functionName}}</functionName>
                <functionDescription></functionDescription>
                <apiVersionCreateFunction>2015-03-31</apiVersionCreateFunction>
                <s3Bucket>{${payload.s3Bucket}}</s3Bucket>
                <s3Key>{${payload.s3Key}}</s3Key>
                <s3ObjectVersion>{${payload.s3ObjectVersion}}</s3ObjectVersion>
                <zipFile></zipFile>
                <targetArn></targetArn>
                <environmentVariables></environmentVariables>
                <handler>{${payload.handler}}</handler>
                <kmsKeyArn></kmsKeyArn>
                <layers></layers>
                <memorySize></memorySize>
                <publish>false</publish>
                <role>{${payload.role}}</role>
                <runtime>{${payload.runtime}}</runtime>
                <tags></tags>
                <timeout></timeout>
                <mode>PassThrough</mode>
                <securityGroupIds></securityGroupIds>
                <subnetIds></subnetIds>
                <responseVariable>amazonlambda_createFunction_1</responseVariable>
                <overwriteBody>true</overwriteBody>
            </amazonlambda.createFunction>
            <respond/>
        </inSequence>
        <faultSequence>
        </faultSequence>
    </resource>
</api>