<?xml version="1.0" encoding="UTF-8"?>
<localEntry key="GmailConnection" xmlns="http://ws.apache.org/ns/synapse">
  <gmail.init>
    <connectionType>GMAIL</connectionType>
    <clientId>20259149310-2h1dc24k9d5sn22k3wso2578agjjik1f.apps.googleusercontent.com</clientId>
    <clientSecret>WSO2MI-winFS9OAgc9GeUK1t5UWqcpQ_abc</clientSecret>
    <refreshToken>1//WSO2xifB_xnubCgYIARAWSO2QSNwF-L9Irwz5WVFRGT_5BbOARo_23JbxAOI2ML6q1A4H4TxlW1BIxgBtHyMMJfJUfFfsYAVFwso2</refreshToken>
    <apiUrl>https://www.googleapis.com/gmail</apiUrl>
    <apiVersion>v1</apiVersion>
    <userId>me</userId>
    <tokenEndpoint>https://oauth2.googleapis.com/token</tokenEndpoint>
    <name>GmailConnection</name>
  </gmail.init>
</localEntry>