<?xml version="1.0" encoding="UTF-8"?>
<api name="hospital" context="/" xmlns="http://ws.apache.org/ns/synapse">
	<resource methods="GET" uri-template="/getPhysicians">
		<inSequence>
			<clone>
				<target>
					<sequence>
						<call>
							<endpoint key="GrandOakEndpoint" />
						</call>
					</sequence>
				</target>
				<target>
					<sequence>
						<payloadFactory media-type="json" template-type="default">
							<format>{
								"doctorType": "Physician" } </format>
							<args>
							</args>
						</payloadFactory>
						<call>
							<endpoint key="PineValleyEndpoint" />
						</call>
					</sequence>
				</target>
			</clone>
			<aggregate>
				<completeCondition>
					<messageCount max="-1" min="-1" />
				</completeCondition>
				<onComplete aggregateElementType="root" expression="json-eval($.doctors.doctor)">
					<respond />
				</onComplete>
			</aggregate>
		</inSequence>
		<faultSequence>
		</faultSequence>
	</resource>
</api>
