<?xml version="1.0" encoding="UTF-8"?>
<artifacts>
  <artifact name="CsvToXml" groupId="com.microintegrator.projects" version="1.0.0" type="registry/resource" serverRole="EnterpriseIntegrator">
    <item>
      <file>CsvToXml.dmc</file>
      <path>/_system/governance/datamapper/CsvToXml</path>
      <mediaType>text/plain</mediaType>
      <properties></properties>
    </item>
  </artifact>
  <artifact name="CsvToXml_inputSchema" groupId="com.microintegrator.projects" version="1.0.0" type="registry/resource" serverRole="EnterpriseIntegrator">
    <item>
      <file>CsvToXml_inputSchema.json</file>
      <path>/_system/governance/datamapper/CsvToXml</path>
      <mediaType>text/plain</mediaType>
      <properties></properties>
    </item>
  </artifact>
  <artifact name="CsvToXml_outputSchema" groupId="com.microintegrator.projects" version="1.0.0" type="registry/resource" serverRole="EnterpriseIntegrator">
    <item>
      <file>CsvToXml_outputSchema.json</file>
      <path>/_system/governance/datamapper/CsvToXml</path>
      <mediaType>text/plain</mediaType>
      <properties/>
    </item>
  </artifact>
</artifacts>
