<?xml version="1.0" encoding="UTF-8"?>
<api context="/jira" name="jiraAPI" xmlns="http://ws.apache.org/ns/synapse">
    <resource methods="POST" uri-template="/createIssue">
        <inSequence>
            <jira.createIssue configKey="JIRA_CONNECTION">
                <issueFields>{${payload}}</issueFields>
                <responseVariable>jira_createIssue_1</responseVariable>
                <overwriteBody>true</overwriteBody>
            </jira.createIssue>
            <respond/>
        </inSequence>
        <faultSequence>
        </faultSequence>
    </resource>
    <resource methods="POST" uri-template="/getIssue">
        <inSequence>
            <jira.getIssue configKey="JIRA_CONNECTION">
                <issueIdOrKey>{${payload.id}}</issueIdOrKey>
                <fields></fields>
                <expand></expand>
                <responseVariable>jira_createIssue_1</responseVariable>
                <overwriteBody>true</overwriteBody>
            </jira.getIssue>
            <respond/>
        </inSequence>
        <faultSequence>
        </faultSequence>
    </resource>
</api>