<?xml version="1.0" encoding="UTF-8"?>
<localEntry key="CurrencyConverter" xmlns="http://ws.apache.org/ns/synapse">
  <http.init>
    <connectionType>HTTPS</connectionType>
    <baseUrl>{${configs.currency_service_url}}</baseUrl>
    <authType>None</authType>
    <timeoutAction>Never</timeoutAction>
    <retryCount>0</retryCount>
    <retryDelay>0</retryDelay>
    <suspendInitialDuration>-1</suspendInitialDuration>
    <suspendProgressionFactor>1</suspendProgressionFactor>
    <name>CurrencyConverter</name>
  </http.init>
</localEntry>