<?xml version="1.0" encoding="UTF-8"?><artifacts>
    <artifact name="SQSAPI" groupId="com.example.AmazonSQSConnector.api" version="1.0.0" type="synapse/api" serverRole="EnterpriseServiceBus">
        <file>src/main/synapse-config/api/SQSAPI.xml</file>
    </artifact>
    <artifact name="SimpleStockQuote" groupId="com.example.AmazonSQSConnector.endpoint" version="1.0.0" type="synapse/endpoint" serverRole="EnterpriseServiceBus">
        <file>src/main/synapse-config/endpoints/SimpleStockQuote.xml</file>
    </artifact>
    <artifact name="createQueue" groupId="com.example.AmazonSQSConnector.sequence" version="1.0.0" type="synapse/sequence" serverRole="EnterpriseServiceBus">
        <file>src/main/synapse-config/sequences/createQueue.xml</file>
    </artifact>
    <artifact name="sendMessage" groupId="com.example.AmazonSQSConnector.sequence" version="1.0.0" type="synapse/sequence" serverRole="EnterpriseServiceBus">
        <file>src/main/synapse-config/sequences/sendMessage.xml</file>
    </artifact>
    <artifact name="buildMessage" groupId="com.example.AmazonSQSConnector.sequence" version="1.0.0" type="synapse/sequence" serverRole="EnterpriseServiceBus">
        <file>src/main/synapse-config/sequences/buildMessage.xml</file>
    </artifact>
    <artifact name="ReceiveAndForwardMessage" groupId="com.example.AmazonSQSConnector.sequence" version="1.0.0" type="synapse/sequence" serverRole="EnterpriseServiceBus">
        <file>src/main/synapse-config/sequences/ReceiveAndForwardMessage.xml</file>
    </artifact>
    <artifact name="fault" groupId="com.example.AmazonSQSConnector.sequence" version="1.0.0" type="synapse/sequence" serverRole="EnterpriseServiceBus">
        <file>src/main/synapse-config/sequences/fault.xml</file>
    </artifact>
</artifacts>
